-- MySQL dump 10.13  Distrib 5.7.22, for Linux (x86_64)
--
-- Host: localhost    Database: dailyfresh
-- ------------------------------------------------------
-- Server version	5.7.22-0ubuntu0.16.04.1

/*!40101 SET @OLD_CHARACTER_SET_CLIENT=@@CHARACTER_SET_CLIENT */;
/*!40101 SET @OLD_CHARACTER_SET_RESULTS=@@CHARACTER_SET_RESULTS */;
/*!40101 SET @OLD_COLLATION_CONNECTION=@@COLLATION_CONNECTION */;
/*!40101 SET NAMES utf8 */;
/*!40103 SET @OLD_TIME_ZONE=@@TIME_ZONE */;
/*!40103 SET TIME_ZONE='+00:00' */;
/*!40014 SET @OLD_UNIQUE_CHECKS=@@UNIQUE_CHECKS, UNIQUE_CHECKS=0 */;
/*!40014 SET @OLD_FOREIGN_KEY_CHECKS=@@FOREIGN_KEY_CHECKS, FOREIGN_KEY_CHECKS=0 */;
/*!40101 SET @OLD_SQL_MODE=@@SQL_MODE, SQL_MODE='NO_AUTO_VALUE_ON_ZERO' */;
/*!40111 SET @OLD_SQL_NOTES=@@SQL_NOTES, SQL_NOTES=0 */;

--
-- Table structure for table `auth_group`
--

DROP TABLE IF EXISTS `auth_group`;
/*!40101 SET @saved_cs_client     = @@character_set_client */;
/*!40101 SET character_set_client = utf8 */;
CREATE TABLE `auth_group` (
  `id` int(11) NOT NULL AUTO_INCREMENT,
  `name` varchar(80) NOT NULL,
  PRIMARY KEY (`id`),
  UNIQUE KEY `name` (`name`)
) ENGINE=InnoDB DEFAULT CHARSET=utf8;
/*!40101 SET character_set_client = @saved_cs_client */;

--
-- Dumping data for table `auth_group`
--

LOCK TABLES `auth_group` WRITE;
/*!40000 ALTER TABLE `auth_group` DISABLE KEYS */;
/*!40000 ALTER TABLE `auth_group` ENABLE KEYS */;
UNLOCK TABLES;

--
-- Table structure for table `auth_group_permissions`
--

DROP TABLE IF EXISTS `auth_group_permissions`;
/*!40101 SET @saved_cs_client     = @@character_set_client */;
/*!40101 SET character_set_client = utf8 */;
CREATE TABLE `auth_group_permissions` (
  `id` int(11) NOT NULL AUTO_INCREMENT,
  `group_id` int(11) NOT NULL,
  `permission_id` int(11) NOT NULL,
  PRIMARY KEY (`id`),
  UNIQUE KEY `group_id` (`group_id`,`permission_id`),
  KEY `auth_group__permission_id_1f49ccbbdc69d2fc_fk_auth_permission_id` (`permission_id`),
  CONSTRAINT `auth_group__permission_id_1f49ccbbdc69d2fc_fk_auth_permission_id` FOREIGN KEY (`permission_id`) REFERENCES `auth_permission` (`id`),
  CONSTRAINT `auth_group_permission_group_id_689710a9a73b7457_fk_auth_group_id` FOREIGN KEY (`group_id`) REFERENCES `auth_group` (`id`)
) ENGINE=InnoDB DEFAULT CHARSET=utf8;
/*!40101 SET character_set_client = @saved_cs_client */;

--
-- Dumping data for table `auth_group_permissions`
--

LOCK TABLES `auth_group_permissions` WRITE;
/*!40000 ALTER TABLE `auth_group_permissions` DISABLE KEYS */;
/*!40000 ALTER TABLE `auth_group_permissions` ENABLE KEYS */;
UNLOCK TABLES;

--
-- Table structure for table `auth_permission`
--

DROP TABLE IF EXISTS `auth_permission`;
/*!40101 SET @saved_cs_client     = @@character_set_client */;
/*!40101 SET character_set_client = utf8 */;
CREATE TABLE `auth_permission` (
  `id` int(11) NOT NULL AUTO_INCREMENT,
  `name` varchar(255) NOT NULL,
  `content_type_id` int(11) NOT NULL,
  `codename` varchar(100) NOT NULL,
  PRIMARY KEY (`id`),
  UNIQUE KEY `content_type_id` (`content_type_id`,`codename`),
  CONSTRAINT `auth__content_type_id_508cf46651277a81_fk_django_content_type_id` FOREIGN KEY (`content_type_id`) REFERENCES `django_content_type` (`id`)
) ENGINE=InnoDB AUTO_INCREMENT=28 DEFAULT CHARSET=utf8;
/*!40101 SET character_set_client = @saved_cs_client */;

--
-- Dumping data for table `auth_permission`
--

LOCK TABLES `auth_permission` WRITE;
/*!40000 ALTER TABLE `auth_permission` DISABLE KEYS */;
INSERT INTO `auth_permission` VALUES (1,'Can add log entry',1,'add_logentry'),(2,'Can change log entry',1,'change_logentry'),(3,'Can delete log entry',1,'delete_logentry'),(4,'Can add permission',2,'add_permission'),(5,'Can change permission',2,'change_permission'),(6,'Can delete permission',2,'delete_permission'),(7,'Can add group',3,'add_group'),(8,'Can change group',3,'change_group'),(9,'Can delete group',3,'delete_group'),(10,'Can add user',4,'add_user'),(11,'Can change user',4,'change_user'),(12,'Can delete user',4,'delete_user'),(13,'Can add content type',5,'add_contenttype'),(14,'Can change content type',5,'change_contenttype'),(15,'Can delete content type',5,'delete_contenttype'),(16,'Can add session',6,'add_session'),(17,'Can change session',6,'change_session'),(18,'Can delete session',6,'delete_session'),(19,'Can add user info',7,'add_userinfo'),(20,'Can change user info',7,'change_userinfo'),(21,'Can delete user info',7,'delete_userinfo'),(22,'Can add type info',8,'add_typeinfo'),(23,'Can change type info',8,'change_typeinfo'),(24,'Can delete type info',8,'delete_typeinfo'),(25,'Can add goods info',9,'add_goodsinfo'),(26,'Can change goods info',9,'change_goodsinfo'),(27,'Can delete goods info',9,'delete_goodsinfo');
/*!40000 ALTER TABLE `auth_permission` ENABLE KEYS */;
UNLOCK TABLES;

--
-- Table structure for table `auth_user`
--

DROP TABLE IF EXISTS `auth_user`;
/*!40101 SET @saved_cs_client     = @@character_set_client */;
/*!40101 SET character_set_client = utf8 */;
CREATE TABLE `auth_user` (
  `id` int(11) NOT NULL AUTO_INCREMENT,
  `password` varchar(128) NOT NULL,
  `last_login` datetime(6) DEFAULT NULL,
  `is_superuser` tinyint(1) NOT NULL,
  `username` varchar(30) NOT NULL,
  `first_name` varchar(30) NOT NULL,
  `last_name` varchar(30) NOT NULL,
  `email` varchar(254) NOT NULL,
  `is_staff` tinyint(1) NOT NULL,
  `is_active` tinyint(1) NOT NULL,
  `date_joined` datetime(6) NOT NULL,
  PRIMARY KEY (`id`),
  UNIQUE KEY `username` (`username`)
) ENGINE=InnoDB AUTO_INCREMENT=2 DEFAULT CHARSET=utf8;
/*!40101 SET character_set_client = @saved_cs_client */;

--
-- Dumping data for table `auth_user`
--

LOCK TABLES `auth_user` WRITE;
/*!40000 ALTER TABLE `auth_user` DISABLE KEYS */;
INSERT INTO `auth_user` VALUES (1,'pbkdf2_sha256$20000$FuKz8OrRAZ6n$EPAHgkTFrB9Uggg260Rs6zGLozWiXOYKaJtlqY9aeCs=','2018-05-09 08:50:51.461086',1,'huangxu','','','123@163.com',1,1,'2018-05-08 15:38:58.481181');
/*!40000 ALTER TABLE `auth_user` ENABLE KEYS */;
UNLOCK TABLES;

--
-- Table structure for table `auth_user_groups`
--

DROP TABLE IF EXISTS `auth_user_groups`;
/*!40101 SET @saved_cs_client     = @@character_set_client */;
/*!40101 SET character_set_client = utf8 */;
CREATE TABLE `auth_user_groups` (
  `id` int(11) NOT NULL AUTO_INCREMENT,
  `user_id` int(11) NOT NULL,
  `group_id` int(11) NOT NULL,
  PRIMARY KEY (`id`),
  UNIQUE KEY `user_id` (`user_id`,`group_id`),
  KEY `auth_user_groups_group_id_33ac548dcf5f8e37_fk_auth_group_id` (`group_id`),
  CONSTRAINT `auth_user_groups_group_id_33ac548dcf5f8e37_fk_auth_group_id` FOREIGN KEY (`group_id`) REFERENCES `auth_group` (`id`),
  CONSTRAINT `auth_user_groups_user_id_4b5ed4ffdb8fd9b0_fk_auth_user_id` FOREIGN KEY (`user_id`) REFERENCES `auth_user` (`id`)
) ENGINE=InnoDB DEFAULT CHARSET=utf8;
/*!40101 SET character_set_client = @saved_cs_client */;

--
-- Dumping data for table `auth_user_groups`
--

LOCK TABLES `auth_user_groups` WRITE;
/*!40000 ALTER TABLE `auth_user_groups` DISABLE KEYS */;
/*!40000 ALTER TABLE `auth_user_groups` ENABLE KEYS */;
UNLOCK TABLES;

--
-- Table structure for table `auth_user_user_permissions`
--

DROP TABLE IF EXISTS `auth_user_user_permissions`;
/*!40101 SET @saved_cs_client     = @@character_set_client */;
/*!40101 SET character_set_client = utf8 */;
CREATE TABLE `auth_user_user_permissions` (
  `id` int(11) NOT NULL AUTO_INCREMENT,
  `user_id` int(11) NOT NULL,
  `permission_id` int(11) NOT NULL,
  PRIMARY KEY (`id`),
  UNIQUE KEY `user_id` (`user_id`,`permission_id`),
  KEY `auth_user_u_permission_id_384b62483d7071f0_fk_auth_permission_id` (`permission_id`),
  CONSTRAINT `auth_user_u_permission_id_384b62483d7071f0_fk_auth_permission_id` FOREIGN KEY (`permission_id`) REFERENCES `auth_permission` (`id`),
  CONSTRAINT `auth_user_user_permissi_user_id_7f0938558328534a_fk_auth_user_id` FOREIGN KEY (`user_id`) REFERENCES `auth_user` (`id`)
) ENGINE=InnoDB DEFAULT CHARSET=utf8;
/*!40101 SET character_set_client = @saved_cs_client */;

--
-- Dumping data for table `auth_user_user_permissions`
--

LOCK TABLES `auth_user_user_permissions` WRITE;
/*!40000 ALTER TABLE `auth_user_user_permissions` DISABLE KEYS */;
/*!40000 ALTER TABLE `auth_user_user_permissions` ENABLE KEYS */;
UNLOCK TABLES;

--
-- Table structure for table `df_goods_goodsinfo`
--

DROP TABLE IF EXISTS `df_goods_goodsinfo`;
/*!40101 SET @saved_cs_client     = @@character_set_client */;
/*!40101 SET character_set_client = utf8 */;
CREATE TABLE `df_goods_goodsinfo` (
  `id` int(11) NOT NULL AUTO_INCREMENT,
  `gname` varchar(20) NOT NULL,
  `gimage` varchar(100) NOT NULL,
  `gprice` decimal(10,2) NOT NULL,
  `gunit` varchar(20) NOT NULL,
  `gclick` int(11) NOT NULL,
  `gbrief_introduction` varchar(200) NOT NULL,
  `ginventory` int(11) NOT NULL,
  `gdetailed_introduction` longtext NOT NULL,
  `isDeleted` tinyint(1) NOT NULL,
  `gtype_id` int(11) NOT NULL,
  PRIMARY KEY (`id`),
  KEY `df_goods_goodsinfo_3204e418` (`gtype_id`),
  CONSTRAINT `df_goods_goodsi_gtype_id_36acf5bdedbbbe8_fk_df_goods_typeinfo_id` FOREIGN KEY (`gtype_id`) REFERENCES `df_goods_typeinfo` (`id`)
) ENGINE=InnoDB AUTO_INCREMENT=95 DEFAULT CHARSET=utf8;
/*!40101 SET character_set_client = @saved_cs_client */;

--
-- Dumping data for table `df_goods_goodsinfo`
--

LOCK TABLES `df_goods_goodsinfo` WRITE;
/*!40000 ALTER TABLE `df_goods_goodsinfo` DISABLE KEYS */;
INSERT INTO `df_goods_goodsinfo` VALUES (1,'大兴大棚草莓1','df_goods/goods003.jpg',40.80,'500g',39,'草莓浆果柔软多汁，味美爽口，适合速冻保鲜贮藏。草莓速冻后，可以保持原有的色、香、味，既便于贮藏，又便于外销。',9999,'<p>草莓采摘园位于北京大兴区 庞各庄镇四各庄村 ，每年1月-6月面向北京以及周围城市提供新鲜草莓采摘和精品礼盒装草莓，草莓品种多样丰富，个大香甜。所有草莓均严格按照有机标准培育，不使用任何化肥和农药。草莓在采摘期间免洗可以直接食用。欢迎喜欢草莓的市民前来采摘，也欢迎各大单位选购精品有机草莓礼盒，有机草莓礼盒是亲朋馈赠、福利送礼的最佳选择。</p>',0,1),(2,'葡萄2','df_goods/goods002.jpg',16.50,'500g',0,'葡萄浆果柔软多汁，味美爽口，适合速冻保鲜贮藏。草莓速冻后，可以保持原有的色、香、味，既便于贮藏，又便于外销。',9999,'<p>葡萄采摘园位于北京大兴区 庞各庄镇四各庄村 ，每年1月-6月面向北京以及周围城市提供新鲜草莓采摘和精品礼盒装草莓，草莓品种多样丰富，个大香甜。所有草莓均严格按照有机标准培育，不使用任何化肥和农药。草莓在采摘期间免洗可以直接食用。欢迎喜欢草莓的市民前来采摘，也欢迎各大单位选购精品有机草莓礼盒，有机草莓礼盒是亲朋馈赠、福利送礼的最佳选择。</p>',0,1),(3,'柠檬3','df_goods/goods001.jpg',8.90,'500g',0,'nm草莓浆果柔软多汁，味美爽口，适合速冻保鲜贮藏。草莓速冻后，可以保持原有的色、香、味，既便于贮藏，又便于外销。',9999,'<p>nm草莓采摘园位于北京大兴区 庞各庄镇四各庄村 ，每年1月-6月面向北京以及周围城市提供新鲜草莓采摘和精品礼盒装草莓，草莓品种多样丰富，个大香甜。所有草莓均严格按照有机标准培育，不使用任何化肥和农药。草莓在采摘期间免洗可以直接食用。欢迎喜欢草莓的市民前来采摘，也欢迎各大单位选购精品有机草莓礼盒，有机草莓礼盒是亲朋馈赠、福利送礼的最佳选择。</p>',0,1),(4,'奇异果4','df_goods/goods012.jpg',6.80,'500g',0,'qyg草莓浆果柔软多汁，味美爽口，适合速冻保鲜贮藏。草莓速冻后，可以保持原有的色、香、味，既便于贮藏，又便于外销。',9999,'<p>草莓采摘园位于北京大兴区 庞各庄镇四各庄村 ，每年1月-6月面向北京以及周围城市提供新鲜草莓采摘和精品礼盒装草莓，草莓品种多样丰富，个大香甜。所有草莓均严格按照有机标准培育，不使用任何化肥和农药。草莓在采摘期间免洗可以直接食用。欢迎喜欢草莓的市民前来采摘，也欢迎各大单位选购精品有机草莓礼盒，有机草莓礼盒是亲朋馈赠、福利送礼的最佳选择</p>',0,1),(5,'青岛野生海捕大青虾5','df_goods/goods018.jpg',50.00,'500g',1,'草莓浆果柔软多汁，味美爽口，适合速冻保鲜贮藏。草莓速冻后，可以保持原有的色、香、味，既便于贮藏，又便于外销。',9999,'<p><span style=\"font-size: 10px;\">草莓采摘园位于北京大兴区 庞各庄镇四各庄村 ，每年1月-6月面向北京以及周围城市提供新鲜草莓采摘和精品礼盒装草莓，草莓品种多样丰富，个大香甜。所有草莓均严格按照有机标准培育，不使用任何化肥和农药。草莓在采摘期间免洗可以直接食用。欢迎喜欢草莓的市民前来采摘，也欢迎各大单位选购精品有机草莓礼盒，有机草莓礼盒是亲朋馈赠、福利送礼的最佳选择。</span></p>',0,2),(6,'扇贝6','df_goods/goods019.jpg',30.00,'500g',1,'草莓浆果柔软多汁，味美爽口，适合速冻保鲜贮藏。草莓速冻后，可以保持原有的色、香、味，既便于贮藏，又便于外销。',9999,'<p><span style=\"font-size: 10px;\">草莓采摘园位于北京大兴区 庞各庄镇四各庄村 ，每年1月-6月面向北京以及周围城市提供新鲜草莓采摘和精品礼盒装草莓，草莓品种多样丰富，个大香甜。所有草莓均严格按照有机标准培育，不使用任何化肥和农药。草莓在采摘期间免洗可以直接食用。欢迎喜欢草莓的市民前来采摘，也欢迎各大单位选购精品有机草莓礼盒，有机草莓礼盒是亲朋馈赠、福利送礼的最佳选择。</span></p>',0,2),(7,'冷冻秋刀鱼7','df_goods/goods020.jpg',23.00,'500g',0,'草莓浆果柔软多汁，味美爽口，适合速冻保鲜贮藏。草莓速冻后，可以保持原有的色、香、味，既便于贮藏，又便于外销。',9999,'<p><span style=\"font-size: 10px;\">草莓采摘园位于北京大兴区 庞各庄镇四各庄村 ，每年1月-6月面向北京以及周围城市提供新鲜草莓采摘和精品礼盒装草莓，草莓品种多样丰富，个大香甜。所有草莓均严格按照有机标准培育，不使用任何化肥和农药。草莓在采摘期间免洗可以直接食用。欢迎喜欢草莓的市民前来采摘，也欢迎各大单位选购精品有机草莓礼盒，有机草莓礼盒是亲朋馈赠、福利送礼的最佳选择。</span></p>',0,2),(8,'基围虾8','df_goods/goods021.jpg',25.00,'500g',1,'草莓浆果柔软多汁，味美爽口，适合速冻保鲜贮藏。草莓速冻后，可以保持原有的色、香、味，既便于贮藏，又便于外销。',9999,'<p><span style=\"font-size: 10px;\">草莓采摘园位于北京大兴区 庞各庄镇四各庄村 ，每年1月-6月面向北京以及周围城市提供新鲜草莓采摘和精品礼盒装草莓，草莓品种多样丰富，个大香甜。所有草莓均严格按照有机标准培育，不使用任何化肥和农药。草莓在采摘期间免洗可以直接食用。欢迎喜欢草莓的市民前来采摘，也欢迎各大单位选购精品有机草莓礼盒，有机草莓礼盒是亲朋馈赠、福利送礼的最佳选择。</span></p>',0,2),(9,'维多利亚葡萄9','df_goods/goods001_JhLTtRr.jpg',40.00,'500g',0,'草莓浆果柔软多汁，味美爽口，适合速冻保鲜贮藏。草莓速冻后，可以保持原有的色、香、味，既便于贮藏，又便于外销。',9999,'<p><span style=\"font-size: 10px;\">草莓采摘园位于北京大兴区 庞各庄镇四各庄村 ，每年1月-6月面向北京以及周围城市提供新鲜草莓采摘和精品礼盒装草莓，草莓品种多样丰富，个大香甜。所有草莓均严格按照有机标准培育，不使用任何化肥和农药。草莓在采摘期间免洗可以直接食用。欢迎喜欢草莓的市民前来采摘，也欢迎各大单位选购精品有机草莓礼盒，有机草莓礼盒是亲朋馈赠、福利送礼的最佳选择。</span></p>',0,3),(10,'维多利亚葡萄10','df_goods/goods001_6VgIjMs.jpg',20.00,'500g',0,'草莓浆果柔软多汁，味美爽口，适合速冻保鲜贮藏。草莓速冻后，可以保持原有的色、香、味，既便于贮藏，又便于外销。',9999,'<p><span style=\"font-size: 10px;\">草莓采摘园位于北京大兴区 庞各庄镇四各庄村 ，每年1月-6月面向北京以及周围城市提供新鲜草莓采摘和精品礼盒装草莓，草莓品种多样丰富，个大香甜。所有草莓均严格按照有机标准培育，不使用任何化肥和农药。草莓在采摘期间免洗可以直接食用。欢迎喜欢草莓的市民前来采摘，也欢迎各大单位选购精品有机草莓礼盒，有机草莓礼盒是亲朋馈赠、福利送礼的最佳选择。</span></p>',0,3),(11,'维多利亚葡萄11','df_goods/goods001_nmMcLAK.jpg',32.00,'500g',0,'草莓浆果柔软多汁，味美爽口，适合速冻保鲜贮藏。草莓速冻后，可以保持原有的色、香、味，既便于贮藏，又便于外销。',9999,'<p><span style=\"font-size: 10px;\">草莓采摘园位于北京大兴区 庞各庄镇四各庄村 ，每年1月-6月面向北京以及周围城市提供新鲜草莓采摘和精品礼盒装草莓，草莓品种多样丰富，个大香甜。所有草莓均严格按照有机标准培育，不使用任何化肥和农药。草莓在采摘期间免洗可以直接食用。欢迎喜欢草莓的市民前来采摘，也欢迎各大单位选购精品有机草莓礼盒，有机草莓礼盒是亲朋馈赠、福利送礼的最佳选择。</span></p>',0,3),(12,'维多利亚葡萄12','df_goods/goods001_ghJCTzf.jpg',46.00,'500g',2,'草莓浆果柔软多汁，味美爽口，适合速冻保鲜贮藏。草莓速冻后，可以保持原有的色、香、味，既便于贮藏，又便于外销。',9999,'<p><span style=\"font-size: 10px;\">草莓采摘园位于北京大兴区 庞各庄镇四各庄村 ，每年1月-6月面向北京以及周围城市提供新鲜草莓采摘和精品礼盒装草莓，草莓品种多样丰富，个大香甜。所有草莓均严格按照有机标准培育，不使用任何化肥和农药。草莓在采摘期间免洗可以直接食用。欢迎喜欢草莓的市民前来采摘，也欢迎各大单位选购精品有机草莓礼盒，有机草莓礼盒是亲朋馈赠、福利送礼的最佳选择。</span></p>',0,3),(13,'土鸡蛋13','df_goods/goods002_seemHz9.jpg',14.00,'500g',0,'草莓浆果柔软多汁，味美爽口，适合速冻保鲜贮藏。草莓速冻后，可以保持原有的色、香、味，既便于贮藏，又便于外销。',9999,'<p><span style=\"font-size: 10px;\">草莓采摘园位于北京大兴区 庞各庄镇四各庄村 ，每年1月-6月面向北京以及周围城市提供新鲜草莓采摘和精品礼盒装草莓，草莓品种多样丰富，个大香甜。所有草莓均严格按照有机标准培育，不使用任何化肥和农药。草莓在采摘期间免洗可以直接食用。欢迎喜欢草莓的市民前来采摘，也欢迎各大单位选购精品有机草莓礼盒，有机草莓礼盒是亲朋馈赠、福利送礼的最佳选择。</span></p>',0,4),(14,'土鸡蛋14','df_goods/goods002_0okiKoU.jpg',48.00,'500g',0,'草莓浆果柔软多汁，味美爽口，适合速冻保鲜贮藏。草莓速冻后，可以保持原有的色、香、味，既便于贮藏，又便于外销。',9999,'<p><span style=\"font-size: 10px;\">草莓采摘园位于北京大兴区 庞各庄镇四各庄村 ，每年1月-6月面向北京以及周围城市提供新鲜草莓采摘和精品礼盒装草莓，草莓品种多样丰富，个大香甜。所有草莓均严格按照有机标准培育，不使用任何化肥和农药。草莓在采摘期间免洗可以直接食用。欢迎喜欢草莓的市民前来采摘，也欢迎各大单位选购精品有机草莓礼盒，有机草莓礼盒是亲朋馈赠、福利送礼的最佳选择。</span></p>',0,4),(15,'土鸡蛋15','df_goods/goods002_o4afS8t.jpg',19.00,'500g',0,'草莓浆果柔软多汁，味美爽口，适合速冻保鲜贮藏。草莓速冻后，可以保持原有的色、香、味，既便于贮藏，又便于外销。',9999,'<p><span style=\"font-size: 10px;\">草莓采摘园位于北京大兴区 庞各庄镇四各庄村 ，每年1月-6月面向北京以及周围城市提供新鲜草莓采摘和精品礼盒装草莓，草莓品种多样丰富，个大香甜。所有草莓均严格按照有机标准培育，不使用任何化肥和农药。草莓在采摘期间免洗可以直接食用。欢迎喜欢草莓的市民前来采摘，也欢迎各大单位选购精品有机草莓礼盒，有机草莓礼盒是亲朋馈赠、福利送礼的最佳选择。</span></p>',0,4),(16,'土鸡蛋16','df_goods/goods002_LAMkdUg.jpg',28.00,'500g',0,'草莓浆果柔软多汁，味美爽口，适合速冻保鲜贮藏。草莓速冻后，可以保持原有的色、香、味，既便于贮藏，又便于外销。',9999,'<p><span style=\"font-size: 10px;\">草莓采摘园位于北京大兴区 庞各庄镇四各庄村 ，每年1月-6月面向北京以及周围城市提供新鲜草莓采摘和精品礼盒装草莓，草莓品种多样丰富，个大香甜。所有草莓均严格按照有机标准培育，不使用任何化肥和农药。草莓在采摘期间免洗可以直接食用。欢迎喜欢草莓的市民前来采摘，也欢迎各大单位选购精品有机草莓礼盒，有机草莓礼盒是亲朋馈赠、福利送礼的最佳选择。</span></p>',0,4),(17,'四季豆17','df_goods/goods003_yBU2DEu.jpg',31.50,'500g',0,'草莓浆果柔软多汁，味美爽口，适合速冻保鲜贮藏。草莓速冻后，可以保持原有的色、香、味，既便于贮藏，又便于外销。',9999,'<p><span style=\"font-size: 10px;\">草莓采摘园位于北京大兴区 庞各庄镇四各庄村 ，每年1月-6月面向北京以及周围城市提供新鲜草莓采摘和精品礼盒装草莓，草莓品种多样丰富，个大香甜。所有草莓均严格按照有机标准培育，不使用任何化肥和农药。草莓在采摘期间免洗可以直接食用。欢迎喜欢草莓的市民前来采摘，也欢迎各大单位选购精品有机草莓礼盒，有机草莓礼盒是亲朋馈赠、福利送礼的最佳选择。</span></p>',0,5),(18,'四季豆18','df_goods/goods003_uTT5LIi.jpg',29.50,'500g',0,'草莓浆果柔软多汁，味美爽口，适合速冻保鲜贮藏。草莓速冻后，可以保持原有的色、香、味，既便于贮藏，又便于外销。',9999,'<p><span style=\"font-size: 10px;\">草莓采摘园位于北京大兴区 庞各庄镇四各庄村 ，每年1月-6月面向北京以及周围城市提供新鲜草莓采摘和精品礼盒装草莓，草莓品种多样丰富，个大香甜。所有草莓均严格按照有机标准培育，不使用任何化肥和农药。草莓在采摘期间免洗可以直接食用。欢迎喜欢草莓的市民前来采摘，也欢迎各大单位选购精品有机草莓礼盒，有机草莓礼盒是亲朋馈赠、福利送礼的最佳选择。</span></p>',0,5),(19,'四季豆19','df_goods/goods003_IgeFLnM.jpg',44.50,'500g',0,'草莓浆果柔软多汁，味美爽口，适合速冻保鲜贮藏。草莓速冻后，可以保持原有的色、香、味，既便于贮藏，又便于外销。',9999,'<p><span style=\"font-size: 10px;\">草莓采摘园位于北京大兴区 庞各庄镇四各庄村 ，每年1月-6月面向北京以及周围城市提供新鲜草莓采摘和精品礼盒装草莓，草莓品种多样丰富，个大香甜。所有草莓均严格按照有机标准培育，不使用任何化肥和农药。草莓在采摘期间免洗可以直接食用。欢迎喜欢草莓的市民前来采摘，也欢迎各大单位选购精品有机草莓礼盒，有机草莓礼盒是亲朋馈赠、福利送礼的最佳选择。</span></p>',0,5),(20,'四季豆20','df_goods/goods003_UqoWzMQ.jpg',28.50,'500g',0,'草莓浆果柔软多汁，味美爽口，适合速冻保鲜贮藏。草莓速冻后，可以保持原有的色、香、味，既便于贮藏，又便于外销。',9999,'<p><span style=\"font-size: 10px;\">草莓采摘园位于北京大兴区 庞各庄镇四各庄村 ，每年1月-6月面向北京以及周围城市提供新鲜草莓采摘和精品礼盒装草莓，草莓品种多样丰富，个大香甜。所有草莓均严格按照有机标准培育，不使用任何化肥和农药。草莓在采摘期间免洗可以直接食用。欢迎喜欢草莓的市民前来采摘，也欢迎各大单位选购精品有机草莓礼盒，有机草莓礼盒是亲朋馈赠、福利送礼的最佳选择。</span></p>',0,5),(21,'湾仔码头水饺21','df_goods/goods004.jpg',43.50,'500g',0,'草莓浆果柔软多汁，味美爽口，适合速冻保鲜贮藏。草莓速冻后，可以保持原有的色、香、味，既便于贮藏，又便于外销。',9999,'<p><span style=\"font-size: 10px;\">草莓采摘园位于北京大兴区 庞各庄镇四各庄村 ，每年1月-6月面向北京以及周围城市提供新鲜草莓采摘和精品礼盒装草莓，草莓品种多样丰富，个大香甜。所有草莓均严格按照有机标准培育，不使用任何化肥和农药。草莓在采摘期间免洗可以直接食用。欢迎喜欢草莓的市民前来采摘，也欢迎各大单位选购精品有机草莓礼盒，有机草莓礼盒是亲朋馈赠、福利送礼的最佳选择。</span></p>',0,6),(22,'湾仔码头水饺22','df_goods/goods005.jpg',18.50,'500g',0,'草莓浆果柔软多汁，味美爽口，适合速冻保鲜贮藏。草莓速冻后，可以保持原有的色、香、味，既便于贮藏，又便于外销。',9999,'<p><span style=\"font-size: 10px;\">草莓采摘园位于北京大兴区 庞各庄镇四各庄村 ，每年1月-6月面向北京以及周围城市提供新鲜草莓采摘和精品礼盒装草莓，草莓品种多样丰富，个大香甜。所有草莓均严格按照有机标准培育，不使用任何化肥和农药。草莓在采摘期间免洗可以直接食用。欢迎喜欢草莓的市民前来采摘，也欢迎各大单位选购精品有机草莓礼盒，有机草莓礼盒是亲朋馈赠、福利送礼的最佳选择。</span></p>',0,6),(23,'湾仔码头水饺23','df_goods/goods009.jpg',31.50,'500g',0,'草莓浆果柔软多汁，味美爽口，适合速冻保鲜贮藏。草莓速冻后，可以保持原有的色、香、味，既便于贮藏，又便于外销。',9999,'<p><span style=\"font-size: 10px;\">草莓采摘园位于北京大兴区 庞各庄镇四各庄村 ，每年1月-6月面向北京以及周围城市提供新鲜草莓采摘和精品礼盒装草莓，草莓品种多样丰富，个大香甜。所有草莓均严格按照有机标准培育，不使用任何化肥和农药。草莓在采摘期间免洗可以直接食用。欢迎喜欢草莓的市民前来采摘，也欢迎各大单位选购精品有机草莓礼盒，有机草莓礼盒是亲朋馈赠、福利送礼的最佳选择。</span></p>',0,6),(24,'湾仔码头水饺24','df_goods/goods016.jpg',42.50,'500g',0,'草莓浆果柔软多汁，味美爽口，适合速冻保鲜贮藏。草莓速冻后，可以保持原有的色、香、味，既便于贮藏，又便于外销。',9999,'<p><span style=\"font-size: 10px;\">草莓采摘园位于北京大兴区 庞各庄镇四各庄村 ，每年1月-6月面向北京以及周围城市提供新鲜草莓采摘和精品礼盒装草莓，草莓品种多样丰富，个大香甜。所有草莓均严格按照有机标准培育，不使用任何化肥和农药。草莓在采摘期间免洗可以直接食用。欢迎喜欢草莓的市民前来采摘，也欢迎各大单位选购精品有机草莓礼盒，有机草莓礼盒是亲朋馈赠、福利送礼的最佳选择。</span></p>',0,6),(25,'大兴大棚草莓25','df_goods/goods003.jpg',24.20,'500g',0,'草莓浆果柔软多汁，味美爽口，适合速冻保鲜贮藏。草莓速冻后，可以保持原有的色、香、味，既便于贮藏，又便于外销。',9999,'<p>草莓采摘园位于北京大兴区 庞各庄镇四各庄村 ，每年1月-6月面向北京以及周围城市提供新鲜草莓采摘和精品礼盒装草莓，草莓品种多样丰富，个大香甜。所有草莓均严格按照有机标准培育，不使用任何化肥和农药。草莓在采摘期间免洗可以直接食用。欢迎喜欢草莓的市民前来采摘，也欢迎各大单位选购精品有机草莓礼盒，有机草莓礼盒是亲朋馈赠、福利送礼的最佳选择。</p>',0,1),(26,'大兴大棚草莓26','df_goods/goods003.jpg',20.80,'500g',0,'草莓浆果柔软多汁，味美爽口，适合速冻保鲜贮藏。草莓速冻后，可以保持原有的色、香、味，既便于贮藏，又便于外销。',9999,'<p>草莓采摘园位于北京大兴区 庞各庄镇四各庄村 ，每年1月-6月面向北京以及周围城市提供新鲜草莓采摘和精品礼盒装草莓，草莓品种多样丰富，个大香甜。所有草莓均严格按照有机标准培育，不使用任何化肥和农药。草莓在采摘期间免洗可以直接食用。欢迎喜欢草莓的市民前来采摘，也欢迎各大单位选购精品有机草莓礼盒，有机草莓礼盒是亲朋馈赠、福利送礼的最佳选择。</p>',0,1),(27,'大兴大棚草莓27','df_goods/goods003.jpg',13.80,'500g',0,'草莓浆果柔软多汁，味美爽口，适合速冻保鲜贮藏。草莓速冻后，可以保持原有的色、香、味，既便于贮藏，又便于外销。',9999,'<p>草莓采摘园位于北京大兴区 庞各庄镇四各庄村 ，每年1月-6月面向北京以及周围城市提供新鲜草莓采摘和精品礼盒装草莓，草莓品种多样丰富，个大香甜。所有草莓均严格按照有机标准培育，不使用任何化肥和农药。草莓在采摘期间免洗可以直接食用。欢迎喜欢草莓的市民前来采摘，也欢迎各大单位选购精品有机草莓礼盒，有机草莓礼盒是亲朋馈赠、福利送礼的最佳选择。</p>',0,1),(28,'大兴大棚草莓28','df_goods/goods003.jpg',14.80,'500g',0,'草莓浆果柔软多汁，味美爽口，适合速冻保鲜贮藏。草莓速冻后，可以保持原有的色、香、味，既便于贮藏，又便于外销。',9999,'<p>草莓采摘园位于北京大兴区 庞各庄镇四各庄村 ，每年1月-6月面向北京以及周围城市提供新鲜草莓采摘和精品礼盒装草莓，草莓品种多样丰富，个大香甜。所有草莓均严格按照有机标准培育，不使用任何化肥和农药。草莓在采摘期间免洗可以直接食用。欢迎喜欢草莓的市民前来采摘，也欢迎各大单位选购精品有机草莓礼盒，有机草莓礼盒是亲朋馈赠、福利送礼的最佳选择。</p>',0,1),(29,'大兴大棚草莓29','df_goods/goods003.jpg',2.20,'500g',0,'草莓浆果柔软多汁，味美爽口，适合速冻保鲜贮藏。草莓速冻后，可以保持原有的色、香、味，既便于贮藏，又便于外销。',9999,'<p>草莓采摘园位于北京大兴区 庞各庄镇四各庄村 ，每年1月-6月面向北京以及周围城市提供新鲜草莓采摘和精品礼盒装草莓，草莓品种多样丰富，个大香甜。所有草莓均严格按照有机标准培育，不使用任何化肥和农药。草莓在采摘期间免洗可以直接食用。欢迎喜欢草莓的市民前来采摘，也欢迎各大单位选购精品有机草莓礼盒，有机草莓礼盒是亲朋馈赠、福利送礼的最佳选择。</p>',0,1),(30,'大兴大棚草莓30','df_goods/goods003.jpg',31.80,'500g',0,'草莓浆果柔软多汁，味美爽口，适合速冻保鲜贮藏。草莓速冻后，可以保持原有的色、香、味，既便于贮藏，又便于外销。',9999,'<p>草莓采摘园位于北京大兴区 庞各庄镇四各庄村 ，每年1月-6月面向北京以及周围城市提供新鲜草莓采摘和精品礼盒装草莓，草莓品种多样丰富，个大香甜。所有草莓均严格按照有机标准培育，不使用任何化肥和农药。草莓在采摘期间免洗可以直接食用。欢迎喜欢草莓的市民前来采摘，也欢迎各大单位选购精品有机草莓礼盒，有机草莓礼盒是亲朋馈赠、福利送礼的最佳选择。</p>',0,1),(31,'大兴大棚草莓31','df_goods/goods003.jpg',12.80,'500g',0,'草莓浆果柔软多汁，味美爽口，适合速冻保鲜贮藏。草莓速冻后，可以保持原有的色、香、味，既便于贮藏，又便于外销。',9999,'<p>草莓采摘园位于北京大兴区 庞各庄镇四各庄村 ，每年1月-6月面向北京以及周围城市提供新鲜草莓采摘和精品礼盒装草莓，草莓品种多样丰富，个大香甜。所有草莓均严格按照有机标准培育，不使用任何化肥和农药。草莓在采摘期间免洗可以直接食用。欢迎喜欢草莓的市民前来采摘，也欢迎各大单位选购精品有机草莓礼盒，有机草莓礼盒是亲朋馈赠、福利送礼的最佳选择。</p>',0,1),(32,'大兴大棚草莓32','df_goods/goods003.jpg',41.20,'500g',0,'草莓浆果柔软多汁，味美爽口，适合速冻保鲜贮藏。草莓速冻后，可以保持原有的色、香、味，既便于贮藏，又便于外销。',9999,'<p>草莓采摘园位于北京大兴区 庞各庄镇四各庄村 ，每年1月-6月面向北京以及周围城市提供新鲜草莓采摘和精品礼盒装草莓，草莓品种多样丰富，个大香甜。所有草莓均严格按照有机标准培育，不使用任何化肥和农药。草莓在采摘期间免洗可以直接食用。欢迎喜欢草莓的市民前来采摘，也欢迎各大单位选购精品有机草莓礼盒，有机草莓礼盒是亲朋馈赠、福利送礼的最佳选择。</p>',0,1),(33,'大兴大棚草莓33','df_goods/goods003.jpg',31.80,'500g',0,'草莓浆果柔软多汁，味美爽口，适合速冻保鲜贮藏。草莓速冻后，可以保持原有的色、香、味，既便于贮藏，又便于外销。',9999,'<p>草莓采摘园位于北京大兴区 庞各庄镇四各庄村 ，每年1月-6月面向北京以及周围城市提供新鲜草莓采摘和精品礼盒装草莓，草莓品种多样丰富，个大香甜。所有草莓均严格按照有机标准培育，不使用任何化肥和农药。草莓在采摘期间免洗可以直接食用。欢迎喜欢草莓的市民前来采摘，也欢迎各大单位选购精品有机草莓礼盒，有机草莓礼盒是亲朋馈赠、福利送礼的最佳选择。</p>',0,1),(34,'大兴大棚草莓34','df_goods/goods003.jpg',30.80,'500g',0,'草莓浆果柔软多汁，味美爽口，适合速冻保鲜贮藏。草莓速冻后，可以保持原有的色、香、味，既便于贮藏，又便于外销。',9999,'<p>草莓采摘园位于北京大兴区 庞各庄镇四各庄村 ，每年1月-6月面向北京以及周围城市提供新鲜草莓采摘和精品礼盒装草莓，草莓品种多样丰富，个大香甜。所有草莓均严格按照有机标准培育，不使用任何化肥和农药。草莓在采摘期间免洗可以直接食用。欢迎喜欢草莓的市民前来采摘，也欢迎各大单位选购精品有机草莓礼盒，有机草莓礼盒是亲朋馈赠、福利送礼的最佳选择。</p>',0,1),(35,'大兴大棚草莓35','df_goods/goods003.jpg',35.80,'500g',0,'草莓浆果柔软多汁，味美爽口，适合速冻保鲜贮藏。草莓速冻后，可以保持原有的色、香、味，既便于贮藏，又便于外销。',9999,'<p>草莓采摘园位于北京大兴区 庞各庄镇四各庄村 ，每年1月-6月面向北京以及周围城市提供新鲜草莓采摘和精品礼盒装草莓，草莓品种多样丰富，个大香甜。所有草莓均严格按照有机标准培育，不使用任何化肥和农药。草莓在采摘期间免洗可以直接食用。欢迎喜欢草莓的市民前来采摘，也欢迎各大单位选购精品有机草莓礼盒，有机草莓礼盒是亲朋馈赠、福利送礼的最佳选择。</p>',0,1),(36,'大兴大棚草莓36','df_goods/goods003.jpg',19.80,'500g',0,'草莓浆果柔软多汁，味美爽口，适合速冻保鲜贮藏。草莓速冻后，可以保持原有的色、香、味，既便于贮藏，又便于外销。',9999,'<p>草莓采摘园位于北京大兴区 庞各庄镇四各庄村 ，每年1月-6月面向北京以及周围城市提供新鲜草莓采摘和精品礼盒装草莓，草莓品种多样丰富，个大香甜。所有草莓均严格按照有机标准培育，不使用任何化肥和农药。草莓在采摘期间免洗可以直接食用。欢迎喜欢草莓的市民前来采摘，也欢迎各大单位选购精品有机草莓礼盒，有机草莓礼盒是亲朋馈赠、福利送礼的最佳选择。</p>',0,1),(37,'大兴大棚草莓37','df_goods/goods003.jpg',25.80,'500g',0,'草莓浆果柔软多汁，味美爽口，适合速冻保鲜贮藏。草莓速冻后，可以保持原有的色、香、味，既便于贮藏，又便于外销。',9999,'<p>草莓采摘园位于北京大兴区 庞各庄镇四各庄村 ，每年1月-6月面向北京以及周围城市提供新鲜草莓采摘和精品礼盒装草莓，草莓品种多样丰富，个大香甜。所有草莓均严格按照有机标准培育，不使用任何化肥和农药。草莓在采摘期间免洗可以直接食用。欢迎喜欢草莓的市民前来采摘，也欢迎各大单位选购精品有机草莓礼盒，有机草莓礼盒是亲朋馈赠、福利送礼的最佳选择。</p>',0,1),(38,'大兴大棚草莓38','df_goods/goods003.jpg',19.20,'500g',0,'草莓浆果柔软多汁，味美爽口，适合速冻保鲜贮藏。草莓速冻后，可以保持原有的色、香、味，既便于贮藏，又便于外销。',9999,'<p>草莓采摘园位于北京大兴区 庞各庄镇四各庄村 ，每年1月-6月面向北京以及周围城市提供新鲜草莓采摘和精品礼盒装草莓，草莓品种多样丰富，个大香甜。所有草莓均严格按照有机标准培育，不使用任何化肥和农药。草莓在采摘期间免洗可以直接食用。欢迎喜欢草莓的市民前来采摘，也欢迎各大单位选购精品有机草莓礼盒，有机草莓礼盒是亲朋馈赠、福利送礼的最佳选择。</p>',0,1),(39,'大兴大棚草莓39','df_goods/goods003.jpg',18.80,'500g',0,'草莓浆果柔软多汁，味美爽口，适合速冻保鲜贮藏。草莓速冻后，可以保持原有的色、香、味，既便于贮藏，又便于外销。',9999,'<p>草莓采摘园位于北京大兴区 庞各庄镇四各庄村 ，每年1月-6月面向北京以及周围城市提供新鲜草莓采摘和精品礼盒装草莓，草莓品种多样丰富，个大香甜。所有草莓均严格按照有机标准培育，不使用任何化肥和农药。草莓在采摘期间免洗可以直接食用。欢迎喜欢草莓的市民前来采摘，也欢迎各大单位选购精品有机草莓礼盒，有机草莓礼盒是亲朋馈赠、福利送礼的最佳选择。</p>',0,1),(40,'大兴大棚草莓40','df_goods/goods003.jpg',20.80,'500g',0,'草莓浆果柔软多汁，味美爽口，适合速冻保鲜贮藏。草莓速冻后，可以保持原有的色、香、味，既便于贮藏，又便于外销。',9999,'<p>草莓采摘园位于北京大兴区 庞各庄镇四各庄村 ，每年1月-6月面向北京以及周围城市提供新鲜草莓采摘和精品礼盒装草莓，草莓品种多样丰富，个大香甜。所有草莓均严格按照有机标准培育，不使用任何化肥和农药。草莓在采摘期间免洗可以直接食用。欢迎喜欢草莓的市民前来采摘，也欢迎各大单位选购精品有机草莓礼盒，有机草莓礼盒是亲朋馈赠、福利送礼的最佳选择。</p>',0,1),(41,'大兴大棚草莓41','df_goods/goods003.jpg',23.20,'500g',0,'草莓浆果柔软多汁，味美爽口，适合速冻保鲜贮藏。草莓速冻后，可以保持原有的色、香、味，既便于贮藏，又便于外销。',9999,'<p>草莓采摘园位于北京大兴区 庞各庄镇四各庄村 ，每年1月-6月面向北京以及周围城市提供新鲜草莓采摘和精品礼盒装草莓，草莓品种多样丰富，个大香甜。所有草莓均严格按照有机标准培育，不使用任何化肥和农药。草莓在采摘期间免洗可以直接食用。欢迎喜欢草莓的市民前来采摘，也欢迎各大单位选购精品有机草莓礼盒，有机草莓礼盒是亲朋馈赠、福利送礼的最佳选择。</p>',0,1),(42,'大兴大棚草莓42','df_goods/goods003.jpg',10.20,'500g',0,'草莓浆果柔软多汁，味美爽口，适合速冻保鲜贮藏。草莓速冻后，可以保持原有的色、香、味，既便于贮藏，又便于外销。',9999,'<p>草莓采摘园位于北京大兴区 庞各庄镇四各庄村 ，每年1月-6月面向北京以及周围城市提供新鲜草莓采摘和精品礼盒装草莓，草莓品种多样丰富，个大香甜。所有草莓均严格按照有机标准培育，不使用任何化肥和农药。草莓在采摘期间免洗可以直接食用。欢迎喜欢草莓的市民前来采摘，也欢迎各大单位选购精品有机草莓礼盒，有机草莓礼盒是亲朋馈赠、福利送礼的最佳选择。</p>',0,1),(43,'大兴大棚草莓43','df_goods/goods003.jpg',49.20,'500g',0,'草莓浆果柔软多汁，味美爽口，适合速冻保鲜贮藏。草莓速冻后，可以保持原有的色、香、味，既便于贮藏，又便于外销。',9999,'<p>草莓采摘园位于北京大兴区 庞各庄镇四各庄村 ，每年1月-6月面向北京以及周围城市提供新鲜草莓采摘和精品礼盒装草莓，草莓品种多样丰富，个大香甜。所有草莓均严格按照有机标准培育，不使用任何化肥和农药。草莓在采摘期间免洗可以直接食用。欢迎喜欢草莓的市民前来采摘，也欢迎各大单位选购精品有机草莓礼盒，有机草莓礼盒是亲朋馈赠、福利送礼的最佳选择。</p>',0,1),(44,'大兴大棚草莓44','df_goods/goods003.jpg',10.80,'500g',0,'草莓浆果柔软多汁，味美爽口，适合速冻保鲜贮藏。草莓速冻后，可以保持原有的色、香、味，既便于贮藏，又便于外销。',9999,'<p>草莓采摘园位于北京大兴区 庞各庄镇四各庄村 ，每年1月-6月面向北京以及周围城市提供新鲜草莓采摘和精品礼盒装草莓，草莓品种多样丰富，个大香甜。所有草莓均严格按照有机标准培育，不使用任何化肥和农药。草莓在采摘期间免洗可以直接食用。欢迎喜欢草莓的市民前来采摘，也欢迎各大单位选购精品有机草莓礼盒，有机草莓礼盒是亲朋馈赠、福利送礼的最佳选择。</p>',0,1),(45,'大兴大棚草莓45','df_goods/goods003.jpg',39.20,'500g',0,'草莓浆果柔软多汁，味美爽口，适合速冻保鲜贮藏。草莓速冻后，可以保持原有的色、香、味，既便于贮藏，又便于外销。',9999,'<p>草莓采摘园位于北京大兴区 庞各庄镇四各庄村 ，每年1月-6月面向北京以及周围城市提供新鲜草莓采摘和精品礼盒装草莓，草莓品种多样丰富，个大香甜。所有草莓均严格按照有机标准培育，不使用任何化肥和农药。草莓在采摘期间免洗可以直接食用。欢迎喜欢草莓的市民前来采摘，也欢迎各大单位选购精品有机草莓礼盒，有机草莓礼盒是亲朋馈赠、福利送礼的最佳选择。</p>',0,1),(46,'大兴大棚草莓46','df_goods/goods003.jpg',2.20,'500g',0,'草莓浆果柔软多汁，味美爽口，适合速冻保鲜贮藏。草莓速冻后，可以保持原有的色、香、味，既便于贮藏，又便于外销。',9999,'<p>草莓采摘园位于北京大兴区 庞各庄镇四各庄村 ，每年1月-6月面向北京以及周围城市提供新鲜草莓采摘和精品礼盒装草莓，草莓品种多样丰富，个大香甜。所有草莓均严格按照有机标准培育，不使用任何化肥和农药。草莓在采摘期间免洗可以直接食用。欢迎喜欢草莓的市民前来采摘，也欢迎各大单位选购精品有机草莓礼盒，有机草莓礼盒是亲朋馈赠、福利送礼的最佳选择。</p>',0,1),(47,'大兴大棚草莓47','df_goods/goods003.jpg',25.80,'500g',0,'草莓浆果柔软多汁，味美爽口，适合速冻保鲜贮藏。草莓速冻后，可以保持原有的色、香、味，既便于贮藏，又便于外销。',9999,'<p>草莓采摘园位于北京大兴区 庞各庄镇四各庄村 ，每年1月-6月面向北京以及周围城市提供新鲜草莓采摘和精品礼盒装草莓，草莓品种多样丰富，个大香甜。所有草莓均严格按照有机标准培育，不使用任何化肥和农药。草莓在采摘期间免洗可以直接食用。欢迎喜欢草莓的市民前来采摘，也欢迎各大单位选购精品有机草莓礼盒，有机草莓礼盒是亲朋馈赠、福利送礼的最佳选择。</p>',0,1),(48,'大兴大棚草莓48','df_goods/goods003.jpg',24.80,'500g',0,'草莓浆果柔软多汁，味美爽口，适合速冻保鲜贮藏。草莓速冻后，可以保持原有的色、香、味，既便于贮藏，又便于外销。',9999,'<p>草莓采摘园位于北京大兴区 庞各庄镇四各庄村 ，每年1月-6月面向北京以及周围城市提供新鲜草莓采摘和精品礼盒装草莓，草莓品种多样丰富，个大香甜。所有草莓均严格按照有机标准培育，不使用任何化肥和农药。草莓在采摘期间免洗可以直接食用。欢迎喜欢草莓的市民前来采摘，也欢迎各大单位选购精品有机草莓礼盒，有机草莓礼盒是亲朋馈赠、福利送礼的最佳选择。</p>',0,1),(49,'大兴大棚草莓49','df_goods/goods003.jpg',46.80,'500g',0,'草莓浆果柔软多汁，味美爽口，适合速冻保鲜贮藏。草莓速冻后，可以保持原有的色、香、味，既便于贮藏，又便于外销。',9999,'<p>草莓采摘园位于北京大兴区 庞各庄镇四各庄村 ，每年1月-6月面向北京以及周围城市提供新鲜草莓采摘和精品礼盒装草莓，草莓品种多样丰富，个大香甜。所有草莓均严格按照有机标准培育，不使用任何化肥和农药。草莓在采摘期间免洗可以直接食用。欢迎喜欢草莓的市民前来采摘，也欢迎各大单位选购精品有机草莓礼盒，有机草莓礼盒是亲朋馈赠、福利送礼的最佳选择。</p>',0,1),(50,'大兴大棚草莓50','df_goods/goods003.jpg',50.20,'500g',0,'草莓浆果柔软多汁，味美爽口，适合速冻保鲜贮藏。草莓速冻后，可以保持原有的色、香、味，既便于贮藏，又便于外销。',9999,'<p>草莓采摘园位于北京大兴区 庞各庄镇四各庄村 ，每年1月-6月面向北京以及周围城市提供新鲜草莓采摘和精品礼盒装草莓，草莓品种多样丰富，个大香甜。所有草莓均严格按照有机标准培育，不使用任何化肥和农药。草莓在采摘期间免洗可以直接食用。欢迎喜欢草莓的市民前来采摘，也欢迎各大单位选购精品有机草莓礼盒，有机草莓礼盒是亲朋馈赠、福利送礼的最佳选择。</p>',0,1),(51,'大兴大棚草莓51','df_goods/goods003.jpg',40.80,'500g',0,'草莓浆果柔软多汁，味美爽口，适合速冻保鲜贮藏。草莓速冻后，可以保持原有的色、香、味，既便于贮藏，又便于外销。',9999,'<p>草莓采摘园位于北京大兴区 庞各庄镇四各庄村 ，每年1月-6月面向北京以及周围城市提供新鲜草莓采摘和精品礼盒装草莓，草莓品种多样丰富，个大香甜。所有草莓均严格按照有机标准培育，不使用任何化肥和农药。草莓在采摘期间免洗可以直接食用。欢迎喜欢草莓的市民前来采摘，也欢迎各大单位选购精品有机草莓礼盒，有机草莓礼盒是亲朋馈赠、福利送礼的最佳选择。</p>',0,1),(52,'大兴大棚草莓52','df_goods/goods003.jpg',31.80,'500g',0,'草莓浆果柔软多汁，味美爽口，适合速冻保鲜贮藏。草莓速冻后，可以保持原有的色、香、味，既便于贮藏，又便于外销。',9999,'<p>草莓采摘园位于北京大兴区 庞各庄镇四各庄村 ，每年1月-6月面向北京以及周围城市提供新鲜草莓采摘和精品礼盒装草莓，草莓品种多样丰富，个大香甜。所有草莓均严格按照有机标准培育，不使用任何化肥和农药。草莓在采摘期间免洗可以直接食用。欢迎喜欢草莓的市民前来采摘，也欢迎各大单位选购精品有机草莓礼盒，有机草莓礼盒是亲朋馈赠、福利送礼的最佳选择。</p>',0,1),(53,'大兴大棚草莓53','df_goods/goods003.jpg',27.80,'500g',0,'草莓浆果柔软多汁，味美爽口，适合速冻保鲜贮藏。草莓速冻后，可以保持原有的色、香、味，既便于贮藏，又便于外销。',9999,'<p>草莓采摘园位于北京大兴区 庞各庄镇四各庄村 ，每年1月-6月面向北京以及周围城市提供新鲜草莓采摘和精品礼盒装草莓，草莓品种多样丰富，个大香甜。所有草莓均严格按照有机标准培育，不使用任何化肥和农药。草莓在采摘期间免洗可以直接食用。欢迎喜欢草莓的市民前来采摘，也欢迎各大单位选购精品有机草莓礼盒，有机草莓礼盒是亲朋馈赠、福利送礼的最佳选择。</p>',0,1),(54,'大兴大棚草莓54','df_goods/goods003.jpg',40.80,'500g',0,'草莓浆果柔软多汁，味美爽口，适合速冻保鲜贮藏。草莓速冻后，可以保持原有的色、香、味，既便于贮藏，又便于外销。',9999,'<p>草莓采摘园位于北京大兴区 庞各庄镇四各庄村 ，每年1月-6月面向北京以及周围城市提供新鲜草莓采摘和精品礼盒装草莓，草莓品种多样丰富，个大香甜。所有草莓均严格按照有机标准培育，不使用任何化肥和农药。草莓在采摘期间免洗可以直接食用。欢迎喜欢草莓的市民前来采摘，也欢迎各大单位选购精品有机草莓礼盒，有机草莓礼盒是亲朋馈赠、福利送礼的最佳选择。</p>',0,1),(55,'大兴大棚草莓55','df_goods/goods003.jpg',35.20,'500g',0,'草莓浆果柔软多汁，味美爽口，适合速冻保鲜贮藏。草莓速冻后，可以保持原有的色、香、味，既便于贮藏，又便于外销。',9999,'<p>草莓采摘园位于北京大兴区 庞各庄镇四各庄村 ，每年1月-6月面向北京以及周围城市提供新鲜草莓采摘和精品礼盒装草莓，草莓品种多样丰富，个大香甜。所有草莓均严格按照有机标准培育，不使用任何化肥和农药。草莓在采摘期间免洗可以直接食用。欢迎喜欢草莓的市民前来采摘，也欢迎各大单位选购精品有机草莓礼盒，有机草莓礼盒是亲朋馈赠、福利送礼的最佳选择。</p>',0,1),(56,'大兴大棚草莓56','df_goods/goods003.jpg',30.20,'500g',0,'草莓浆果柔软多汁，味美爽口，适合速冻保鲜贮藏。草莓速冻后，可以保持原有的色、香、味，既便于贮藏，又便于外销。',9999,'<p>草莓采摘园位于北京大兴区 庞各庄镇四各庄村 ，每年1月-6月面向北京以及周围城市提供新鲜草莓采摘和精品礼盒装草莓，草莓品种多样丰富，个大香甜。所有草莓均严格按照有机标准培育，不使用任何化肥和农药。草莓在采摘期间免洗可以直接食用。欢迎喜欢草莓的市民前来采摘，也欢迎各大单位选购精品有机草莓礼盒，有机草莓礼盒是亲朋馈赠、福利送礼的最佳选择。</p>',0,1),(57,'大兴大棚草莓57','df_goods/goods003.jpg',51.20,'500g',0,'草莓浆果柔软多汁，味美爽口，适合速冻保鲜贮藏。草莓速冻后，可以保持原有的色、香、味，既便于贮藏，又便于外销。',9999,'<p>草莓采摘园位于北京大兴区 庞各庄镇四各庄村 ，每年1月-6月面向北京以及周围城市提供新鲜草莓采摘和精品礼盒装草莓，草莓品种多样丰富，个大香甜。所有草莓均严格按照有机标准培育，不使用任何化肥和农药。草莓在采摘期间免洗可以直接食用。欢迎喜欢草莓的市民前来采摘，也欢迎各大单位选购精品有机草莓礼盒，有机草莓礼盒是亲朋馈赠、福利送礼的最佳选择。</p>',0,1),(58,'大兴大棚草莓58','df_goods/goods003.jpg',48.80,'500g',0,'草莓浆果柔软多汁，味美爽口，适合速冻保鲜贮藏。草莓速冻后，可以保持原有的色、香、味，既便于贮藏，又便于外销。',9999,'<p>草莓采摘园位于北京大兴区 庞各庄镇四各庄村 ，每年1月-6月面向北京以及周围城市提供新鲜草莓采摘和精品礼盒装草莓，草莓品种多样丰富，个大香甜。所有草莓均严格按照有机标准培育，不使用任何化肥和农药。草莓在采摘期间免洗可以直接食用。欢迎喜欢草莓的市民前来采摘，也欢迎各大单位选购精品有机草莓礼盒，有机草莓礼盒是亲朋馈赠、福利送礼的最佳选择。</p>',0,1),(59,'大兴大棚草莓59','df_goods/goods003.jpg',50.80,'500g',0,'草莓浆果柔软多汁，味美爽口，适合速冻保鲜贮藏。草莓速冻后，可以保持原有的色、香、味，既便于贮藏，又便于外销。',9999,'<p>草莓采摘园位于北京大兴区 庞各庄镇四各庄村 ，每年1月-6月面向北京以及周围城市提供新鲜草莓采摘和精品礼盒装草莓，草莓品种多样丰富，个大香甜。所有草莓均严格按照有机标准培育，不使用任何化肥和农药。草莓在采摘期间免洗可以直接食用。欢迎喜欢草莓的市民前来采摘，也欢迎各大单位选购精品有机草莓礼盒，有机草莓礼盒是亲朋馈赠、福利送礼的最佳选择。</p>',0,1),(60,'大兴大棚草莓60','df_goods/goods003.jpg',9.20,'500g',0,'草莓浆果柔软多汁，味美爽口，适合速冻保鲜贮藏。草莓速冻后，可以保持原有的色、香、味，既便于贮藏，又便于外销。',9999,'<p>草莓采摘园位于北京大兴区 庞各庄镇四各庄村 ，每年1月-6月面向北京以及周围城市提供新鲜草莓采摘和精品礼盒装草莓，草莓品种多样丰富，个大香甜。所有草莓均严格按照有机标准培育，不使用任何化肥和农药。草莓在采摘期间免洗可以直接食用。欢迎喜欢草莓的市民前来采摘，也欢迎各大单位选购精品有机草莓礼盒，有机草莓礼盒是亲朋馈赠、福利送礼的最佳选择。</p>',0,1),(61,'大兴大棚草莓61','df_goods/goods003.jpg',37.20,'500g',0,'草莓浆果柔软多汁，味美爽口，适合速冻保鲜贮藏。草莓速冻后，可以保持原有的色、香、味，既便于贮藏，又便于外销。',9999,'<p>草莓采摘园位于北京大兴区 庞各庄镇四各庄村 ，每年1月-6月面向北京以及周围城市提供新鲜草莓采摘和精品礼盒装草莓，草莓品种多样丰富，个大香甜。所有草莓均严格按照有机标准培育，不使用任何化肥和农药。草莓在采摘期间免洗可以直接食用。欢迎喜欢草莓的市民前来采摘，也欢迎各大单位选购精品有机草莓礼盒，有机草莓礼盒是亲朋馈赠、福利送礼的最佳选择。</p>',0,1),(62,'大兴大棚草莓62','df_goods/goods003.jpg',45.80,'500g',0,'草莓浆果柔软多汁，味美爽口，适合速冻保鲜贮藏。草莓速冻后，可以保持原有的色、香、味，既便于贮藏，又便于外销。',9999,'<p>草莓采摘园位于北京大兴区 庞各庄镇四各庄村 ，每年1月-6月面向北京以及周围城市提供新鲜草莓采摘和精品礼盒装草莓，草莓品种多样丰富，个大香甜。所有草莓均严格按照有机标准培育，不使用任何化肥和农药。草莓在采摘期间免洗可以直接食用。欢迎喜欢草莓的市民前来采摘，也欢迎各大单位选购精品有机草莓礼盒，有机草莓礼盒是亲朋馈赠、福利送礼的最佳选择。</p>',0,1),(63,'大兴大棚草莓63','df_goods/goods003.jpg',39.80,'500g',0,'草莓浆果柔软多汁，味美爽口，适合速冻保鲜贮藏。草莓速冻后，可以保持原有的色、香、味，既便于贮藏，又便于外销。',9999,'<p>草莓采摘园位于北京大兴区 庞各庄镇四各庄村 ，每年1月-6月面向北京以及周围城市提供新鲜草莓采摘和精品礼盒装草莓，草莓品种多样丰富，个大香甜。所有草莓均严格按照有机标准培育，不使用任何化肥和农药。草莓在采摘期间免洗可以直接食用。欢迎喜欢草莓的市民前来采摘，也欢迎各大单位选购精品有机草莓礼盒，有机草莓礼盒是亲朋馈赠、福利送礼的最佳选择。</p>',0,1),(64,'大兴大棚草莓64','df_goods/goods003.jpg',21.20,'500g',0,'草莓浆果柔软多汁，味美爽口，适合速冻保鲜贮藏。草莓速冻后，可以保持原有的色、香、味，既便于贮藏，又便于外销。',9999,'<p>草莓采摘园位于北京大兴区 庞各庄镇四各庄村 ，每年1月-6月面向北京以及周围城市提供新鲜草莓采摘和精品礼盒装草莓，草莓品种多样丰富，个大香甜。所有草莓均严格按照有机标准培育，不使用任何化肥和农药。草莓在采摘期间免洗可以直接食用。欢迎喜欢草莓的市民前来采摘，也欢迎各大单位选购精品有机草莓礼盒，有机草莓礼盒是亲朋馈赠、福利送礼的最佳选择。</p>',0,1),(65,'大兴大棚草莓65','df_goods/goods003.jpg',39.80,'500g',0,'草莓浆果柔软多汁，味美爽口，适合速冻保鲜贮藏。草莓速冻后，可以保持原有的色、香、味，既便于贮藏，又便于外销。',9999,'<p>草莓采摘园位于北京大兴区 庞各庄镇四各庄村 ，每年1月-6月面向北京以及周围城市提供新鲜草莓采摘和精品礼盒装草莓，草莓品种多样丰富，个大香甜。所有草莓均严格按照有机标准培育，不使用任何化肥和农药。草莓在采摘期间免洗可以直接食用。欢迎喜欢草莓的市民前来采摘，也欢迎各大单位选购精品有机草莓礼盒，有机草莓礼盒是亲朋馈赠、福利送礼的最佳选择。</p>',0,1),(66,'大兴大棚草莓66','df_goods/goods003.jpg',47.20,'500g',0,'草莓浆果柔软多汁，味美爽口，适合速冻保鲜贮藏。草莓速冻后，可以保持原有的色、香、味，既便于贮藏，又便于外销。',9999,'<p>草莓采摘园位于北京大兴区 庞各庄镇四各庄村 ，每年1月-6月面向北京以及周围城市提供新鲜草莓采摘和精品礼盒装草莓，草莓品种多样丰富，个大香甜。所有草莓均严格按照有机标准培育，不使用任何化肥和农药。草莓在采摘期间免洗可以直接食用。欢迎喜欢草莓的市民前来采摘，也欢迎各大单位选购精品有机草莓礼盒，有机草莓礼盒是亲朋馈赠、福利送礼的最佳选择。</p>',0,1),(67,'大兴大棚草莓67','df_goods/goods003.jpg',62.80,'500g',0,'草莓浆果柔软多汁，味美爽口，适合速冻保鲜贮藏。草莓速冻后，可以保持原有的色、香、味，既便于贮藏，又便于外销。',9999,'<p>草莓采摘园位于北京大兴区 庞各庄镇四各庄村 ，每年1月-6月面向北京以及周围城市提供新鲜草莓采摘和精品礼盒装草莓，草莓品种多样丰富，个大香甜。所有草莓均严格按照有机标准培育，不使用任何化肥和农药。草莓在采摘期间免洗可以直接食用。欢迎喜欢草莓的市民前来采摘，也欢迎各大单位选购精品有机草莓礼盒，有机草莓礼盒是亲朋馈赠、福利送礼的最佳选择。</p>',0,1),(68,'大兴大棚草莓68','df_goods/goods003.jpg',33.20,'500g',0,'草莓浆果柔软多汁，味美爽口，适合速冻保鲜贮藏。草莓速冻后，可以保持原有的色、香、味，既便于贮藏，又便于外销。',9999,'<p>草莓采摘园位于北京大兴区 庞各庄镇四各庄村 ，每年1月-6月面向北京以及周围城市提供新鲜草莓采摘和精品礼盒装草莓，草莓品种多样丰富，个大香甜。所有草莓均严格按照有机标准培育，不使用任何化肥和农药。草莓在采摘期间免洗可以直接食用。欢迎喜欢草莓的市民前来采摘，也欢迎各大单位选购精品有机草莓礼盒，有机草莓礼盒是亲朋馈赠、福利送礼的最佳选择。</p>',0,1),(69,'大兴大棚草莓69','df_goods/goods003.jpg',54.80,'500g',0,'草莓浆果柔软多汁，味美爽口，适合速冻保鲜贮藏。草莓速冻后，可以保持原有的色、香、味，既便于贮藏，又便于外销。',9999,'<p>草莓采摘园位于北京大兴区 庞各庄镇四各庄村 ，每年1月-6月面向北京以及周围城市提供新鲜草莓采摘和精品礼盒装草莓，草莓品种多样丰富，个大香甜。所有草莓均严格按照有机标准培育，不使用任何化肥和农药。草莓在采摘期间免洗可以直接食用。欢迎喜欢草莓的市民前来采摘，也欢迎各大单位选购精品有机草莓礼盒，有机草莓礼盒是亲朋馈赠、福利送礼的最佳选择。</p>',0,1),(70,'大兴大棚草莓70','df_goods/goods003.jpg',66.80,'500g',0,'草莓浆果柔软多汁，味美爽口，适合速冻保鲜贮藏。草莓速冻后，可以保持原有的色、香、味，既便于贮藏，又便于外销。',9999,'<p>草莓采摘园位于北京大兴区 庞各庄镇四各庄村 ，每年1月-6月面向北京以及周围城市提供新鲜草莓采摘和精品礼盒装草莓，草莓品种多样丰富，个大香甜。所有草莓均严格按照有机标准培育，不使用任何化肥和农药。草莓在采摘期间免洗可以直接食用。欢迎喜欢草莓的市民前来采摘，也欢迎各大单位选购精品有机草莓礼盒，有机草莓礼盒是亲朋馈赠、福利送礼的最佳选择。</p>',0,1),(71,'大兴大棚草莓71','df_goods/goods003.jpg',40.80,'500g',0,'草莓浆果柔软多汁，味美爽口，适合速冻保鲜贮藏。草莓速冻后，可以保持原有的色、香、味，既便于贮藏，又便于外销。',9999,'<p>草莓采摘园位于北京大兴区 庞各庄镇四各庄村 ，每年1月-6月面向北京以及周围城市提供新鲜草莓采摘和精品礼盒装草莓，草莓品种多样丰富，个大香甜。所有草莓均严格按照有机标准培育，不使用任何化肥和农药。草莓在采摘期间免洗可以直接食用。欢迎喜欢草莓的市民前来采摘，也欢迎各大单位选购精品有机草莓礼盒，有机草莓礼盒是亲朋馈赠、福利送礼的最佳选择。</p>',0,1),(72,'大兴大棚草莓72','df_goods/goods003.jpg',22.80,'500g',0,'草莓浆果柔软多汁，味美爽口，适合速冻保鲜贮藏。草莓速冻后，可以保持原有的色、香、味，既便于贮藏，又便于外销。',9999,'<p>草莓采摘园位于北京大兴区 庞各庄镇四各庄村 ，每年1月-6月面向北京以及周围城市提供新鲜草莓采摘和精品礼盒装草莓，草莓品种多样丰富，个大香甜。所有草莓均严格按照有机标准培育，不使用任何化肥和农药。草莓在采摘期间免洗可以直接食用。欢迎喜欢草莓的市民前来采摘，也欢迎各大单位选购精品有机草莓礼盒，有机草莓礼盒是亲朋馈赠、福利送礼的最佳选择。</p>',0,1),(73,'大兴大棚草莓73','df_goods/goods003.jpg',8.20,'500g',0,'草莓浆果柔软多汁，味美爽口，适合速冻保鲜贮藏。草莓速冻后，可以保持原有的色、香、味，既便于贮藏，又便于外销。',9999,'<p>草莓采摘园位于北京大兴区 庞各庄镇四各庄村 ，每年1月-6月面向北京以及周围城市提供新鲜草莓采摘和精品礼盒装草莓，草莓品种多样丰富，个大香甜。所有草莓均严格按照有机标准培育，不使用任何化肥和农药。草莓在采摘期间免洗可以直接食用。欢迎喜欢草莓的市民前来采摘，也欢迎各大单位选购精品有机草莓礼盒，有机草莓礼盒是亲朋馈赠、福利送礼的最佳选择。</p>',0,1),(74,'大兴大棚草莓74','df_goods/goods003.jpg',79.80,'500g',0,'草莓浆果柔软多汁，味美爽口，适合速冻保鲜贮藏。草莓速冻后，可以保持原有的色、香、味，既便于贮藏，又便于外销。',9999,'<p>草莓采摘园位于北京大兴区 庞各庄镇四各庄村 ，每年1月-6月面向北京以及周围城市提供新鲜草莓采摘和精品礼盒装草莓，草莓品种多样丰富，个大香甜。所有草莓均严格按照有机标准培育，不使用任何化肥和农药。草莓在采摘期间免洗可以直接食用。欢迎喜欢草莓的市民前来采摘，也欢迎各大单位选购精品有机草莓礼盒，有机草莓礼盒是亲朋馈赠、福利送礼的最佳选择。</p>',0,1),(75,'大兴大棚草莓75','df_goods/goods003.jpg',26.20,'500g',0,'草莓浆果柔软多汁，味美爽口，适合速冻保鲜贮藏。草莓速冻后，可以保持原有的色、香、味，既便于贮藏，又便于外销。',9999,'<p>草莓采摘园位于北京大兴区 庞各庄镇四各庄村 ，每年1月-6月面向北京以及周围城市提供新鲜草莓采摘和精品礼盒装草莓，草莓品种多样丰富，个大香甜。所有草莓均严格按照有机标准培育，不使用任何化肥和农药。草莓在采摘期间免洗可以直接食用。欢迎喜欢草莓的市民前来采摘，也欢迎各大单位选购精品有机草莓礼盒，有机草莓礼盒是亲朋馈赠、福利送礼的最佳选择。</p>',0,1),(76,'大兴大棚草莓76','df_goods/goods003.jpg',60.80,'500g',0,'草莓浆果柔软多汁，味美爽口，适合速冻保鲜贮藏。草莓速冻后，可以保持原有的色、香、味，既便于贮藏，又便于外销。',9999,'<p>草莓采摘园位于北京大兴区 庞各庄镇四各庄村 ，每年1月-6月面向北京以及周围城市提供新鲜草莓采摘和精品礼盒装草莓，草莓品种多样丰富，个大香甜。所有草莓均严格按照有机标准培育，不使用任何化肥和农药。草莓在采摘期间免洗可以直接食用。欢迎喜欢草莓的市民前来采摘，也欢迎各大单位选购精品有机草莓礼盒，有机草莓礼盒是亲朋馈赠、福利送礼的最佳选择。</p>',0,1),(77,'大兴大棚草莓77','df_goods/goods003.jpg',43.20,'500g',0,'草莓浆果柔软多汁，味美爽口，适合速冻保鲜贮藏。草莓速冻后，可以保持原有的色、香、味，既便于贮藏，又便于外销。',9999,'<p>草莓采摘园位于北京大兴区 庞各庄镇四各庄村 ，每年1月-6月面向北京以及周围城市提供新鲜草莓采摘和精品礼盒装草莓，草莓品种多样丰富，个大香甜。所有草莓均严格按照有机标准培育，不使用任何化肥和农药。草莓在采摘期间免洗可以直接食用。欢迎喜欢草莓的市民前来采摘，也欢迎各大单位选购精品有机草莓礼盒，有机草莓礼盒是亲朋馈赠、福利送礼的最佳选择。</p>',0,1),(78,'大兴大棚草莓78','df_goods/goods003.jpg',53.80,'500g',0,'草莓浆果柔软多汁，味美爽口，适合速冻保鲜贮藏。草莓速冻后，可以保持原有的色、香、味，既便于贮藏，又便于外销。',9999,'<p>草莓采摘园位于北京大兴区 庞各庄镇四各庄村 ，每年1月-6月面向北京以及周围城市提供新鲜草莓采摘和精品礼盒装草莓，草莓品种多样丰富，个大香甜。所有草莓均严格按照有机标准培育，不使用任何化肥和农药。草莓在采摘期间免洗可以直接食用。欢迎喜欢草莓的市民前来采摘，也欢迎各大单位选购精品有机草莓礼盒，有机草莓礼盒是亲朋馈赠、福利送礼的最佳选择。</p>',0,1),(79,'大兴大棚草莓79','df_goods/goods003.jpg',25.80,'500g',0,'草莓浆果柔软多汁，味美爽口，适合速冻保鲜贮藏。草莓速冻后，可以保持原有的色、香、味，既便于贮藏，又便于外销。',9999,'<p>草莓采摘园位于北京大兴区 庞各庄镇四各庄村 ，每年1月-6月面向北京以及周围城市提供新鲜草莓采摘和精品礼盒装草莓，草莓品种多样丰富，个大香甜。所有草莓均严格按照有机标准培育，不使用任何化肥和农药。草莓在采摘期间免洗可以直接食用。欢迎喜欢草莓的市民前来采摘，也欢迎各大单位选购精品有机草莓礼盒，有机草莓礼盒是亲朋馈赠、福利送礼的最佳选择。</p>',0,1),(80,'大兴大棚草莓80','df_goods/goods003.jpg',31.80,'500g',0,'草莓浆果柔软多汁，味美爽口，适合速冻保鲜贮藏。草莓速冻后，可以保持原有的色、香、味，既便于贮藏，又便于外销。',9999,'<p>草莓采摘园位于北京大兴区 庞各庄镇四各庄村 ，每年1月-6月面向北京以及周围城市提供新鲜草莓采摘和精品礼盒装草莓，草莓品种多样丰富，个大香甜。所有草莓均严格按照有机标准培育，不使用任何化肥和农药。草莓在采摘期间免洗可以直接食用。欢迎喜欢草莓的市民前来采摘，也欢迎各大单位选购精品有机草莓礼盒，有机草莓礼盒是亲朋馈赠、福利送礼的最佳选择。</p>',0,1),(81,'大兴大棚草莓81','df_goods/goods003.jpg',47.80,'500g',0,'草莓浆果柔软多汁，味美爽口，适合速冻保鲜贮藏。草莓速冻后，可以保持原有的色、香、味，既便于贮藏，又便于外销。',9999,'<p>草莓采摘园位于北京大兴区 庞各庄镇四各庄村 ，每年1月-6月面向北京以及周围城市提供新鲜草莓采摘和精品礼盒装草莓，草莓品种多样丰富，个大香甜。所有草莓均严格按照有机标准培育，不使用任何化肥和农药。草莓在采摘期间免洗可以直接食用。欢迎喜欢草莓的市民前来采摘，也欢迎各大单位选购精品有机草莓礼盒，有机草莓礼盒是亲朋馈赠、福利送礼的最佳选择。</p>',0,1),(82,'大兴大棚草莓82','df_goods/goods003.jpg',19.80,'500g',0,'草莓浆果柔软多汁，味美爽口，适合速冻保鲜贮藏。草莓速冻后，可以保持原有的色、香、味，既便于贮藏，又便于外销。',9999,'<p>草莓采摘园位于北京大兴区 庞各庄镇四各庄村 ，每年1月-6月面向北京以及周围城市提供新鲜草莓采摘和精品礼盒装草莓，草莓品种多样丰富，个大香甜。所有草莓均严格按照有机标准培育，不使用任何化肥和农药。草莓在采摘期间免洗可以直接食用。欢迎喜欢草莓的市民前来采摘，也欢迎各大单位选购精品有机草莓礼盒，有机草莓礼盒是亲朋馈赠、福利送礼的最佳选择。</p>',0,1),(83,'大兴大棚草莓83','df_goods/goods003.jpg',54.20,'500g',0,'草莓浆果柔软多汁，味美爽口，适合速冻保鲜贮藏。草莓速冻后，可以保持原有的色、香、味，既便于贮藏，又便于外销。',9999,'<p>草莓采摘园位于北京大兴区 庞各庄镇四各庄村 ，每年1月-6月面向北京以及周围城市提供新鲜草莓采摘和精品礼盒装草莓，草莓品种多样丰富，个大香甜。所有草莓均严格按照有机标准培育，不使用任何化肥和农药。草莓在采摘期间免洗可以直接食用。欢迎喜欢草莓的市民前来采摘，也欢迎各大单位选购精品有机草莓礼盒，有机草莓礼盒是亲朋馈赠、福利送礼的最佳选择。</p>',0,1),(84,'大兴大棚草莓84','df_goods/goods003.jpg',63.80,'500g',0,'草莓浆果柔软多汁，味美爽口，适合速冻保鲜贮藏。草莓速冻后，可以保持原有的色、香、味，既便于贮藏，又便于外销。',9999,'<p>草莓采摘园位于北京大兴区 庞各庄镇四各庄村 ，每年1月-6月面向北京以及周围城市提供新鲜草莓采摘和精品礼盒装草莓，草莓品种多样丰富，个大香甜。所有草莓均严格按照有机标准培育，不使用任何化肥和农药。草莓在采摘期间免洗可以直接食用。欢迎喜欢草莓的市民前来采摘，也欢迎各大单位选购精品有机草莓礼盒，有机草莓礼盒是亲朋馈赠、福利送礼的最佳选择。</p>',0,1),(85,'大兴大棚草莓85','df_goods/goods003.jpg',13.80,'500g',0,'草莓浆果柔软多汁，味美爽口，适合速冻保鲜贮藏。草莓速冻后，可以保持原有的色、香、味，既便于贮藏，又便于外销。',9999,'<p>草莓采摘园位于北京大兴区 庞各庄镇四各庄村 ，每年1月-6月面向北京以及周围城市提供新鲜草莓采摘和精品礼盒装草莓，草莓品种多样丰富，个大香甜。所有草莓均严格按照有机标准培育，不使用任何化肥和农药。草莓在采摘期间免洗可以直接食用。欢迎喜欢草莓的市民前来采摘，也欢迎各大单位选购精品有机草莓礼盒，有机草莓礼盒是亲朋馈赠、福利送礼的最佳选择。</p>',0,1),(86,'大兴大棚草莓86','df_goods/goods003.jpg',61.80,'500g',0,'草莓浆果柔软多汁，味美爽口，适合速冻保鲜贮藏。草莓速冻后，可以保持原有的色、香、味，既便于贮藏，又便于外销。',9999,'<p>草莓采摘园位于北京大兴区 庞各庄镇四各庄村 ，每年1月-6月面向北京以及周围城市提供新鲜草莓采摘和精品礼盒装草莓，草莓品种多样丰富，个大香甜。所有草莓均严格按照有机标准培育，不使用任何化肥和农药。草莓在采摘期间免洗可以直接食用。欢迎喜欢草莓的市民前来采摘，也欢迎各大单位选购精品有机草莓礼盒，有机草莓礼盒是亲朋馈赠、福利送礼的最佳选择。</p>',0,1),(87,'大兴大棚草莓87','df_goods/goods003.jpg',41.80,'500g',0,'草莓浆果柔软多汁，味美爽口，适合速冻保鲜贮藏。草莓速冻后，可以保持原有的色、香、味，既便于贮藏，又便于外销。',9999,'<p>草莓采摘园位于北京大兴区 庞各庄镇四各庄村 ，每年1月-6月面向北京以及周围城市提供新鲜草莓采摘和精品礼盒装草莓，草莓品种多样丰富，个大香甜。所有草莓均严格按照有机标准培育，不使用任何化肥和农药。草莓在采摘期间免洗可以直接食用。欢迎喜欢草莓的市民前来采摘，也欢迎各大单位选购精品有机草莓礼盒，有机草莓礼盒是亲朋馈赠、福利送礼的最佳选择。</p>',0,1),(88,'大兴大棚草莓88','df_goods/goods003.jpg',69.80,'500g',0,'草莓浆果柔软多汁，味美爽口，适合速冻保鲜贮藏。草莓速冻后，可以保持原有的色、香、味，既便于贮藏，又便于外销。',9999,'<p>草莓采摘园位于北京大兴区 庞各庄镇四各庄村 ，每年1月-6月面向北京以及周围城市提供新鲜草莓采摘和精品礼盒装草莓，草莓品种多样丰富，个大香甜。所有草莓均严格按照有机标准培育，不使用任何化肥和农药。草莓在采摘期间免洗可以直接食用。欢迎喜欢草莓的市民前来采摘，也欢迎各大单位选购精品有机草莓礼盒，有机草莓礼盒是亲朋馈赠、福利送礼的最佳选择。</p>',0,1),(89,'大兴大棚草莓89','df_goods/goods003.jpg',14.80,'500g',0,'草莓浆果柔软多汁，味美爽口，适合速冻保鲜贮藏。草莓速冻后，可以保持原有的色、香、味，既便于贮藏，又便于外销。',9999,'<p>草莓采摘园位于北京大兴区 庞各庄镇四各庄村 ，每年1月-6月面向北京以及周围城市提供新鲜草莓采摘和精品礼盒装草莓，草莓品种多样丰富，个大香甜。所有草莓均严格按照有机标准培育，不使用任何化肥和农药。草莓在采摘期间免洗可以直接食用。欢迎喜欢草莓的市民前来采摘，也欢迎各大单位选购精品有机草莓礼盒，有机草莓礼盒是亲朋馈赠、福利送礼的最佳选择。</p>',0,1),(90,'大兴大棚草莓90','df_goods/goods003.jpg',33.20,'500g',0,'草莓浆果柔软多汁，味美爽口，适合速冻保鲜贮藏。草莓速冻后，可以保持原有的色、香、味，既便于贮藏，又便于外销。',9999,'<p>草莓采摘园位于北京大兴区 庞各庄镇四各庄村 ，每年1月-6月面向北京以及周围城市提供新鲜草莓采摘和精品礼盒装草莓，草莓品种多样丰富，个大香甜。所有草莓均严格按照有机标准培育，不使用任何化肥和农药。草莓在采摘期间免洗可以直接食用。欢迎喜欢草莓的市民前来采摘，也欢迎各大单位选购精品有机草莓礼盒，有机草莓礼盒是亲朋馈赠、福利送礼的最佳选择。</p>',0,1),(91,'大兴大棚草莓91','df_goods/goods003.jpg',59.80,'500g',0,'草莓浆果柔软多汁，味美爽口，适合速冻保鲜贮藏。草莓速冻后，可以保持原有的色、香、味，既便于贮藏，又便于外销。',9999,'<p>草莓采摘园位于北京大兴区 庞各庄镇四各庄村 ，每年1月-6月面向北京以及周围城市提供新鲜草莓采摘和精品礼盒装草莓，草莓品种多样丰富，个大香甜。所有草莓均严格按照有机标准培育，不使用任何化肥和农药。草莓在采摘期间免洗可以直接食用。欢迎喜欢草莓的市民前来采摘，也欢迎各大单位选购精品有机草莓礼盒，有机草莓礼盒是亲朋馈赠、福利送礼的最佳选择。</p>',0,1),(92,'大兴大棚草莓92','df_goods/goods003.jpg',52.80,'500g',0,'草莓浆果柔软多汁，味美爽口，适合速冻保鲜贮藏。草莓速冻后，可以保持原有的色、香、味，既便于贮藏，又便于外销。',9999,'<p>草莓采摘园位于北京大兴区 庞各庄镇四各庄村 ，每年1月-6月面向北京以及周围城市提供新鲜草莓采摘和精品礼盒装草莓，草莓品种多样丰富，个大香甜。所有草莓均严格按照有机标准培育，不使用任何化肥和农药。草莓在采摘期间免洗可以直接食用。欢迎喜欢草莓的市民前来采摘，也欢迎各大单位选购精品有机草莓礼盒，有机草莓礼盒是亲朋馈赠、福利送礼的最佳选择。</p>',0,1),(93,'大兴大棚草莓93','df_goods/goods003.jpg',9.80,'500g',7,'草莓浆果柔软多汁，味美爽口，适合速冻保鲜贮藏。草莓速冻后，可以保持原有的色、香、味，既便于贮藏，又便于外销。',9999,'<p>草莓采摘园位于北京大兴区 庞各庄镇四各庄村 ，每年1月-6月面向北京以及周围城市提供新鲜草莓采摘和精品礼盒装草莓，草莓品种多样丰富，个大香甜。所有草莓均严格按照有机标准培育，不使用任何化肥和农药。草莓在采摘期间免洗可以直接食用。欢迎喜欢草莓的市民前来采摘，也欢迎各大单位选购精品有机草莓礼盒，有机草莓礼盒是亲朋馈赠、福利送礼的最佳选择。</p>',0,1),(94,'大兴大棚草莓94','df_goods/goods003.jpg',60.80,'500g',26,'草莓浆果柔软多汁，味美爽口，适合速冻保鲜贮藏。草莓速冻后，可以保持原有的色、香、味，既便于贮藏，又便于外销。',999,'<p>草莓采摘园位于北京大兴区 庞各庄镇四各庄村 ，每年1月-6月面向北京以及周围城市提供新鲜草莓采摘和精品礼盒装草莓，草莓品种多样丰富，个大香甜。所有草莓均严格按照有机标准培育，不使用任何化肥和农药。草莓在采摘期间免洗可以直接食用。欢迎喜欢草莓的市民前来采摘，也欢迎各大单位选购精品有机草莓礼盒，有机草莓礼盒是亲朋馈赠、福利送礼的最佳选择。</p>\r\n<p><img style=\"margin: 50px;\" src=\"https://img14.360buyimg.com/cms/jfs/t18328/218/1717027588/280375/6921a560/5ad5c924Nd62fdfb4.jpg\" alt=\"123\" width=\"750\" height=\"1307\" /></p>',0,1);
/*!40000 ALTER TABLE `df_goods_goodsinfo` ENABLE KEYS */;
UNLOCK TABLES;

--
-- Table structure for table `df_goods_typeinfo`
--

DROP TABLE IF EXISTS `df_goods_typeinfo`;
/*!40101 SET @saved_cs_client     = @@character_set_client */;
/*!40101 SET character_set_client = utf8 */;
CREATE TABLE `df_goods_typeinfo` (
  `id` int(11) NOT NULL AUTO_INCREMENT,
  `tname` varchar(20) NOT NULL,
  `isDeleted` tinyint(1) NOT NULL,
  `timage` varchar(100) NOT NULL,
  PRIMARY KEY (`id`)
) ENGINE=InnoDB AUTO_INCREMENT=7 DEFAULT CHARSET=utf8;
/*!40101 SET character_set_client = @saved_cs_client */;

--
-- Dumping data for table `df_goods_typeinfo`
--

LOCK TABLES `df_goods_typeinfo` WRITE;
/*!40000 ALTER TABLE `df_goods_typeinfo` DISABLE KEYS */;
INSERT INTO `df_goods_typeinfo` VALUES (1,'新鲜水果',0,'df_types/banner01.jpg'),(2,'海鲜水产',0,'df_types/banner02.jpg'),(3,'猪牛羊肉',0,'df_types/banner03.jpg'),(4,'禽类蛋品',0,'df_types/banner04.jpg'),(5,'新鲜蔬菜',0,'df_types/banner05.jpg'),(6,'速冻食品',0,'df_types/banner06.jpg');
/*!40000 ALTER TABLE `df_goods_typeinfo` ENABLE KEYS */;
UNLOCK TABLES;

--
-- Table structure for table `df_user_userinfo`
--

DROP TABLE IF EXISTS `df_user_userinfo`;
/*!40101 SET @saved_cs_client     = @@character_set_client */;
/*!40101 SET character_set_client = utf8 */;
CREATE TABLE `df_user_userinfo` (
  `id` int(11) NOT NULL AUTO_INCREMENT,
  `uname` varchar(20) NOT NULL,
  `upwd` varchar(40) NOT NULL,
  `uemail` varchar(30) NOT NULL,
  `uaddressee` varchar(20) NOT NULL,
  `uaddress` varchar(100) NOT NULL,
  `upostcode` varchar(6) NOT NULL,
  `uphone` varchar(11) NOT NULL,
  PRIMARY KEY (`id`)
) ENGINE=InnoDB AUTO_INCREMENT=12 DEFAULT CHARSET=utf8;
/*!40101 SET character_set_client = @saved_cs_client */;

--
-- Dumping data for table `df_user_userinfo`
--

LOCK TABLES `df_user_userinfo` WRITE;
/*!40000 ALTER TABLE `df_user_userinfo` DISABLE KEYS */;
INSERT INTO `df_user_userinfo` VALUES (1,'huangxu','a642a77abd7d4f51bf9226ceaf891fcbb5b299b8','123@163.com','黄旭','深圳市宝安区径贝新村12巷7号409','710604','18664350510'),(2,'huangxu1','f638e2789006da9bb337fd5689e37a265a70f359','123@163.com','','','',''),(11,'huangxu2','a642a77abd7d4f51bf9226ceaf891fcbb5b299b8','123@163.com','','','','');
/*!40000 ALTER TABLE `df_user_userinfo` ENABLE KEYS */;
UNLOCK TABLES;

--
-- Table structure for table `django_admin_log`
--

DROP TABLE IF EXISTS `django_admin_log`;
/*!40101 SET @saved_cs_client     = @@character_set_client */;
/*!40101 SET character_set_client = utf8 */;
CREATE TABLE `django_admin_log` (
  `id` int(11) NOT NULL AUTO_INCREMENT,
  `action_time` datetime(6) NOT NULL,
  `object_id` longtext,
  `object_repr` varchar(200) NOT NULL,
  `action_flag` smallint(5) unsigned NOT NULL,
  `change_message` longtext NOT NULL,
  `content_type_id` int(11) DEFAULT NULL,
  `user_id` int(11) NOT NULL,
  PRIMARY KEY (`id`),
  KEY `djang_content_type_id_697914295151027a_fk_django_content_type_id` (`content_type_id`),
  KEY `django_admin_log_user_id_52fdd58701c5f563_fk_auth_user_id` (`user_id`),
  CONSTRAINT `djang_content_type_id_697914295151027a_fk_django_content_type_id` FOREIGN KEY (`content_type_id`) REFERENCES `django_content_type` (`id`),
  CONSTRAINT `django_admin_log_user_id_52fdd58701c5f563_fk_auth_user_id` FOREIGN KEY (`user_id`) REFERENCES `auth_user` (`id`)
) ENGINE=InnoDB AUTO_INCREMENT=120 DEFAULT CHARSET=utf8;
/*!40101 SET character_set_client = @saved_cs_client */;

--
-- Dumping data for table `django_admin_log`
--

LOCK TABLES `django_admin_log` WRITE;
/*!40000 ALTER TABLE `django_admin_log` DISABLE KEYS */;
INSERT INTO `django_admin_log` VALUES (1,'2018-05-08 15:41:14.393944','1','TypeInfo object',1,'',8,1),(2,'2018-05-08 15:41:46.493374','2','TypeInfo object',1,'',8,1),(3,'2018-05-08 15:43:09.691344','3','猪牛羊肉',1,'',8,1),(4,'2018-05-08 15:43:21.460123','4','禽类蛋品',1,'',8,1),(5,'2018-05-08 15:43:30.907287','5','新鲜蔬菜',1,'',8,1),(6,'2018-05-08 15:43:39.681182','6','速冻食品',1,'',8,1),(7,'2018-05-09 08:58:52.993495','1','GoodsInfo object',1,'',9,1),(8,'2018-05-09 09:09:48.172659','2','葡萄',1,'',9,1),(9,'2018-05-09 09:20:08.169559','3','柠檬',1,'',9,1),(10,'2018-05-09 09:22:03.400523','4','奇异果',1,'',9,1),(11,'2018-05-09 09:28:05.778636','1','大兴大棚草莓',2,'已修改 gimage 和 gdetailed_introduction 。',9,1),(12,'2018-05-09 09:28:54.088448','2','葡萄',2,'已修改 gimage 和 gdetailed_introduction 。',9,1),(13,'2018-05-09 09:29:00.075806','3','柠檬',2,'已修改 gimage 和 gdetailed_introduction 。',9,1),(14,'2018-05-09 09:29:07.275696','4','奇异果',2,'已修改 gimage 和 gdetailed_introduction 。',9,1),(15,'2018-05-09 09:34:07.897746','5','青岛野生海捕大青虾',1,'',9,1),(16,'2018-05-09 09:34:58.020589','6','扇贝',1,'',9,1),(17,'2018-05-09 09:35:35.235542','7','冷冻秋刀鱼',1,'',9,1),(18,'2018-05-09 09:36:19.983012','8','基围虾',1,'',9,1),(19,'2018-05-09 09:39:13.777766','9','维多利亚葡萄',1,'',9,1),(20,'2018-05-09 09:39:28.850972','10','维多利亚葡萄',1,'',9,1),(21,'2018-05-09 09:39:54.291745','11','维多利亚葡萄',1,'',9,1),(22,'2018-05-09 09:40:05.724442','12','维多利亚葡萄',1,'',9,1),(23,'2018-05-09 09:40:53.199144','13','土鸡蛋',1,'',9,1),(24,'2018-05-09 09:41:06.109015','14','土鸡蛋',1,'',9,1),(25,'2018-05-09 09:41:17.346744','15','土鸡蛋',1,'',9,1),(26,'2018-05-09 09:41:28.112077','16','土鸡蛋',1,'',9,1),(27,'2018-05-09 09:42:16.584216','17','四季豆',1,'',9,1),(28,'2018-05-09 09:42:36.896716','18','四季豆',1,'',9,1),(29,'2018-05-09 09:42:49.306145','19','四季豆',1,'',9,1),(30,'2018-05-09 09:43:02.239587','20','四季豆',1,'',9,1),(31,'2018-05-09 09:43:40.254184','21','湾仔码头水饺',1,'',9,1),(32,'2018-05-09 09:43:50.404826','22','湾仔码头水饺',1,'',9,1),(33,'2018-05-09 09:44:05.630155','23','湾仔码头水饺',1,'',9,1),(34,'2018-05-09 09:44:15.298904','24','湾仔码头水饺',1,'',9,1),(35,'2018-05-09 14:15:07.470623','1','新鲜水果',2,'已修改 timage 。',8,1),(36,'2018-05-09 14:15:14.085461','2','海鲜水产',2,'已修改 timage 。',8,1),(37,'2018-05-09 14:15:19.296134','3','猪牛羊肉',2,'已修改 timage 。',8,1),(38,'2018-05-09 14:15:25.095736','4','禽类蛋品',2,'已修改 timage 。',8,1),(39,'2018-05-09 14:15:30.228925','5','新鲜蔬菜',2,'已修改 timage 。',8,1),(40,'2018-05-09 14:15:35.292382','6','速冻食品',2,'已修改 timage 。',8,1),(41,'2018-05-11 01:11:17.942601','25','大兴大棚草莓',1,'',9,1),(42,'2018-05-11 01:11:27.714627','26','大兴大棚草莓',1,'',9,1),(43,'2018-05-11 01:13:23.383264','27','大兴大棚草莓',1,'',9,1),(44,'2018-05-11 01:13:42.174275','28','大兴大棚草莓',1,'',9,1),(45,'2018-05-11 01:13:53.435086','29','大兴大棚草莓',1,'',9,1),(46,'2018-05-11 01:13:59.193999','30','大兴大棚草莓',1,'',9,1),(47,'2018-05-11 01:14:04.315664','31','大兴大棚草莓',1,'',9,1),(48,'2018-05-11 01:14:10.550306','32','大兴大棚草莓',1,'',9,1),(49,'2018-05-11 01:17:31.788392','33','大兴大棚草莓',1,'',9,1),(50,'2018-05-11 01:17:33.807919','34','大兴大棚草莓',1,'',9,1),(51,'2018-05-11 01:17:35.612586','35','大兴大棚草莓',1,'',9,1),(52,'2018-05-11 01:17:37.424340','36','大兴大棚草莓',1,'',9,1),(53,'2018-05-11 01:17:39.301426','37','大兴大棚草莓',1,'',9,1),(54,'2018-05-11 01:17:41.483260','38','大兴大棚草莓',1,'',9,1),(55,'2018-05-11 01:17:43.520035','39','大兴大棚草莓',1,'',9,1),(56,'2018-05-11 01:17:45.455062','40','大兴大棚草莓',1,'',9,1),(57,'2018-05-11 01:17:47.244141','41','大兴大棚草莓',1,'',9,1),(58,'2018-05-11 01:17:49.036939','42','大兴大棚草莓',1,'',9,1),(59,'2018-05-11 01:17:50.861739','43','大兴大棚草莓',1,'',9,1),(60,'2018-05-11 01:17:52.636304','44','大兴大棚草莓',1,'',9,1),(61,'2018-05-11 01:17:54.634743','45','大兴大棚草莓',1,'',9,1),(62,'2018-05-11 01:17:56.442073','46','大兴大棚草莓',1,'',9,1),(63,'2018-05-11 01:17:58.151334','47','大兴大棚草莓',1,'',9,1),(64,'2018-05-11 01:18:02.487287','48','大兴大棚草莓',1,'',9,1),(65,'2018-05-11 01:18:04.318772','49','大兴大棚草莓',1,'',9,1),(66,'2018-05-11 01:18:06.454431','50','大兴大棚草莓',1,'',9,1),(67,'2018-05-11 01:18:08.308801','51','大兴大棚草莓',1,'',9,1),(68,'2018-05-11 01:18:10.074076','52','大兴大棚草莓',1,'',9,1),(69,'2018-05-11 01:18:11.966222','53','大兴大棚草莓',1,'',9,1),(70,'2018-05-11 01:18:13.612869','54','大兴大棚草莓',1,'',9,1),(71,'2018-05-11 01:18:15.344239','55','大兴大棚草莓',1,'',9,1),(72,'2018-05-11 01:18:16.965057','56','大兴大棚草莓',1,'',9,1),(73,'2018-05-11 01:18:18.968073','57','大兴大棚草莓',1,'',9,1),(74,'2018-05-11 01:18:20.938233','58','大兴大棚草莓',1,'',9,1),(75,'2018-05-11 01:18:22.811418','59','大兴大棚草莓',1,'',9,1),(76,'2018-05-11 01:18:24.583329','60','大兴大棚草莓',1,'',9,1),(77,'2018-05-11 01:18:26.522094','61','大兴大棚草莓',1,'',9,1),(78,'2018-05-11 01:18:28.310466','62','大兴大棚草莓',1,'',9,1),(79,'2018-05-11 01:18:30.156522','63','大兴大棚草莓',1,'',9,1),(80,'2018-05-11 01:18:31.906987','64','大兴大棚草莓',1,'',9,1),(81,'2018-05-11 01:18:33.646978','65','大兴大棚草莓',1,'',9,1),(82,'2018-05-11 01:18:35.615017','66','大兴大棚草莓',1,'',9,1),(83,'2018-05-11 01:18:38.621553','67','大兴大棚草莓',1,'',9,1),(84,'2018-05-11 01:18:40.143518','68','大兴大棚草莓',1,'',9,1),(85,'2018-05-11 01:18:41.886093','69','大兴大棚草莓',1,'',9,1),(86,'2018-05-11 01:18:43.426660','70','大兴大棚草莓',1,'',9,1),(87,'2018-05-11 01:18:45.021622','71','大兴大棚草莓',1,'',9,1),(88,'2018-05-11 01:18:46.749276','72','大兴大棚草莓',1,'',9,1),(89,'2018-05-11 01:18:57.560220','73','大兴大棚草莓',1,'',9,1),(90,'2018-05-11 01:18:59.247716','74','大兴大棚草莓',1,'',9,1),(91,'2018-05-11 01:19:00.655292','75','大兴大棚草莓',1,'',9,1),(92,'2018-05-11 01:19:02.124583','76','大兴大棚草莓',1,'',9,1),(93,'2018-05-11 01:19:03.915459','77','大兴大棚草莓',1,'',9,1),(94,'2018-05-11 01:19:05.612066','78','大兴大棚草莓',1,'',9,1),(95,'2018-05-11 01:19:07.442315','79','大兴大棚草莓',1,'',9,1),(96,'2018-05-11 01:19:09.012933','80','大兴大棚草莓',1,'',9,1),(97,'2018-05-11 01:19:10.513708','81','大兴大棚草莓',1,'',9,1),(98,'2018-05-11 01:19:12.130777','82','大兴大棚草莓',1,'',9,1),(99,'2018-05-11 01:19:13.610175','83','大兴大棚草莓',1,'',9,1),(100,'2018-05-11 01:19:15.202567','84','大兴大棚草莓',1,'',9,1),(101,'2018-05-11 01:19:16.836564','85','大兴大棚草莓',1,'',9,1),(102,'2018-05-11 01:19:18.323289','86','大兴大棚草莓',1,'',9,1),(103,'2018-05-11 01:19:19.955583','87','大兴大棚草莓',1,'',9,1),(104,'2018-05-11 01:19:21.449270','88','大兴大棚草莓',1,'',9,1),(105,'2018-05-11 01:19:23.479701','89','大兴大棚草莓',1,'',9,1),(106,'2018-05-11 01:19:25.280305','90','大兴大棚草莓',1,'',9,1),(107,'2018-05-11 01:19:26.933877','91','大兴大棚草莓',1,'',9,1),(108,'2018-05-11 01:19:28.646604','92','大兴大棚草莓',1,'',9,1),(109,'2018-05-11 01:19:30.348954','93','大兴大棚草莓',1,'',9,1),(110,'2018-05-11 01:19:31.915136','94','大兴大棚草莓',1,'',9,1),(111,'2018-05-11 09:22:35.727103','94','大兴大棚草莓94',2,'已修改 gclick 和 gdetailed_introduction 。',9,1),(112,'2018-05-11 09:23:52.281979','94','大兴大棚草莓94',2,'已修改 gdetailed_introduction 。',9,1),(113,'2018-05-11 09:24:16.888948','94','大兴大棚草莓94',2,'已修改 gdetailed_introduction 。',9,1),(114,'2018-05-11 09:25:00.492424','94','大兴大棚草莓94',2,'已修改 gclick 和 gdetailed_introduction 。',9,1),(115,'2018-05-11 09:25:58.889359','94','大兴大棚草莓94',2,'已修改 gdetailed_introduction 。',9,1),(116,'2018-05-11 09:26:47.925801','94','大兴大棚草莓94',2,'已修改 gdetailed_introduction 。',9,1),(117,'2018-05-11 09:27:42.817990','94','大兴大棚草莓94',2,'已修改 gdetailed_introduction 。',9,1),(118,'2018-05-11 09:28:32.740580','94','大兴大棚草莓94',2,'已修改 ginventory 。',9,1),(119,'2018-05-11 09:29:10.523480','94','大兴大棚草莓94',2,'已修改 ginventory 。',9,1);
/*!40000 ALTER TABLE `django_admin_log` ENABLE KEYS */;
UNLOCK TABLES;

--
-- Table structure for table `django_content_type`
--

DROP TABLE IF EXISTS `django_content_type`;
/*!40101 SET @saved_cs_client     = @@character_set_client */;
/*!40101 SET character_set_client = utf8 */;
CREATE TABLE `django_content_type` (
  `id` int(11) NOT NULL AUTO_INCREMENT,
  `app_label` varchar(100) NOT NULL,
  `model` varchar(100) NOT NULL,
  PRIMARY KEY (`id`),
  UNIQUE KEY `django_content_type_app_label_45f3b1d93ec8c61c_uniq` (`app_label`,`model`)
) ENGINE=InnoDB AUTO_INCREMENT=10 DEFAULT CHARSET=utf8;
/*!40101 SET character_set_client = @saved_cs_client */;

--
-- Dumping data for table `django_content_type`
--

LOCK TABLES `django_content_type` WRITE;
/*!40000 ALTER TABLE `django_content_type` DISABLE KEYS */;
INSERT INTO `django_content_type` VALUES (1,'admin','logentry'),(3,'auth','group'),(2,'auth','permission'),(4,'auth','user'),(5,'contenttypes','contenttype'),(9,'df_goods','goodsinfo'),(8,'df_goods','typeinfo'),(7,'df_user','userinfo'),(6,'sessions','session');
/*!40000 ALTER TABLE `django_content_type` ENABLE KEYS */;
UNLOCK TABLES;

--
-- Table structure for table `django_migrations`
--

DROP TABLE IF EXISTS `django_migrations`;
/*!40101 SET @saved_cs_client     = @@character_set_client */;
/*!40101 SET character_set_client = utf8 */;
CREATE TABLE `django_migrations` (
  `id` int(11) NOT NULL AUTO_INCREMENT,
  `app` varchar(255) NOT NULL,
  `name` varchar(255) NOT NULL,
  `applied` datetime(6) NOT NULL,
  PRIMARY KEY (`id`)
) ENGINE=InnoDB AUTO_INCREMENT=15 DEFAULT CHARSET=utf8;
/*!40101 SET character_set_client = @saved_cs_client */;

--
-- Dumping data for table `django_migrations`
--

LOCK TABLES `django_migrations` WRITE;
/*!40000 ALTER TABLE `django_migrations` DISABLE KEYS */;
INSERT INTO `django_migrations` VALUES (1,'contenttypes','0001_initial','2018-05-06 10:30:11.802641'),(2,'auth','0001_initial','2018-05-06 10:30:11.973725'),(3,'admin','0001_initial','2018-05-06 10:30:12.022943'),(4,'contenttypes','0002_remove_content_type_name','2018-05-06 10:30:12.172719'),(5,'auth','0002_alter_permission_name_max_length','2018-05-06 10:30:12.199091'),(6,'auth','0003_alter_user_email_max_length','2018-05-06 10:30:12.253732'),(7,'auth','0004_alter_user_username_opts','2018-05-06 10:30:12.264619'),(8,'auth','0005_alter_user_last_login_null','2018-05-06 10:30:12.286669'),(9,'auth','0006_require_contenttypes_0002','2018-05-06 10:30:12.288965'),(10,'df_user','0001_initial','2018-05-06 10:30:12.301748'),(11,'sessions','0001_initial','2018-05-06 10:30:12.319865'),(12,'df_goods','0001_initial','2018-05-08 15:31:53.094240'),(13,'df_user','0002_auto_20180508_1531','2018-05-08 15:31:53.131036'),(14,'df_goods','0002_auto_20180509_2213','2018-05-09 14:13:45.119902');
/*!40000 ALTER TABLE `django_migrations` ENABLE KEYS */;
UNLOCK TABLES;

--
-- Table structure for table `django_session`
--

DROP TABLE IF EXISTS `django_session`;
/*!40101 SET @saved_cs_client     = @@character_set_client */;
/*!40101 SET character_set_client = utf8 */;
CREATE TABLE `django_session` (
  `session_key` varchar(40) NOT NULL,
  `session_data` longtext NOT NULL,
  `expire_date` datetime(6) NOT NULL,
  PRIMARY KEY (`session_key`),
  KEY `django_session_de54fa62` (`expire_date`)
) ENGINE=InnoDB DEFAULT CHARSET=utf8;
/*!40101 SET character_set_client = @saved_cs_client */;

--
-- Dumping data for table `django_session`
--

LOCK TABLES `django_session` WRITE;
/*!40000 ALTER TABLE `django_session` DISABLE KEYS */;
INSERT INTO `django_session` VALUES ('in1rlpny0x4r2rpaahgjrdurm89rbwry','ZDlmYjQ0NTdhZjMxYTkyNmVmN2ZiYTI1MTk1NDhlM2E1NWQwNzBkNzp7InVzZXJfaWQiOjEsInVzZXJfbmFtZSI6Imh1YW5neHUifQ==','2018-05-27 11:02:12.826779'),('y7ge3giaw5jax7n0ew8jmhts21pn0j7x','NWU2MjY0NjdiNDQ0YjZiOWE4MjdkMzAxMTk0MjVlZmMxNjJhMzVlNzp7InVzZXJfbmFtZSI6Imh1YW5neHUiLCJfYXV0aF91c2VyX2hhc2giOiI1YmIyYjdjODk0MGJjYTBhNzQ0N2E2ZmVmMjM0ODFlN2NjYzBiYzZkIiwidXNlcl9pZCI6MSwiX2F1dGhfdXNlcl9iYWNrZW5kIjoiZGphbmdvLmNvbnRyaWIuYXV0aC5iYWNrZW5kcy5Nb2RlbEJhY2tlbmQiLCJfYXV0aF91c2VyX2lkIjoiMSJ9','2018-05-23 08:50:51.473414');
/*!40000 ALTER TABLE `django_session` ENABLE KEYS */;
UNLOCK TABLES;
/*!40103 SET TIME_ZONE=@OLD_TIME_ZONE */;

/*!40101 SET SQL_MODE=@OLD_SQL_MODE */;
/*!40014 SET FOREIGN_KEY_CHECKS=@OLD_FOREIGN_KEY_CHECKS */;
/*!40014 SET UNIQUE_CHECKS=@OLD_UNIQUE_CHECKS */;
/*!40101 SET CHARACTER_SET_CLIENT=@OLD_CHARACTER_SET_CLIENT */;
/*!40101 SET CHARACTER_SET_RESULTS=@OLD_CHARACTER_SET_RESULTS */;
/*!40101 SET COLLATION_CONNECTION=@OLD_COLLATION_CONNECTION */;
/*!40111 SET SQL_NOTES=@OLD_SQL_NOTES */;

-- Dump completed on 2018-05-14  7:55:05
